
A module that was compiled using NumPy 1.x cannot be run in
NumPy 2.4.6 as it may crash. To support both 1.x and 2.x
versions of NumPy, modules must be compiled with NumPy 2.0.
Some module may need to rebuild instead e.g. with 'pybind11>=2.12'.

If you are a user of the module, the easiest solution will be to
downgrade to 'numpy<2' or try to upgrade the affected module.
We expect that some modules will need time to support NumPy 2.

Traceback (most recent call last):  File "<frozen runpy>", line 198, in _run_module_as_main
  File "<frozen runpy>", line 88, in _run_code
  File "/Users/markgarcera/trading/backtester/live/rebalance.py", line 24, in <module>
    from live import broker
  File "/Users/markgarcera/trading/backtester/live/broker.py", line 15, in <module>
    from core.alpaca import get_headers
  File "/Users/markgarcera/trading/backtester/live/../core/alpaca.py", line 18, in <module>
    import pandas as pd
  File "/Users/markgarcera/anaconda3/lib/python3.11/site-packages/pandas/__init__.py", line 22, in <module>
    from pandas.compat import (
  File "/Users/markgarcera/anaconda3/lib/python3.11/site-packages/pandas/compat/__init__.py", line 28, in <module>
    from pandas.compat.pyarrow import (
  File "/Users/markgarcera/anaconda3/lib/python3.11/site-packages/pandas/compat/pyarrow.py", line 12, in <module>
    import pyarrow as pa
  File "/Users/markgarcera/anaconda3/lib/python3.11/site-packages/pyarrow/__init__.py", line 65, in <module>
    import pyarrow.lib as _lib
AttributeError: _ARRAY_API not found

A module that was compiled using NumPy 1.x cannot be run in
NumPy 2.4.6 as it may crash. To support both 1.x and 2.x
versions of NumPy, modules must be compiled with NumPy 2.0.
Some module may need to rebuild instead e.g. with 'pybind11>=2.12'.

If you are a user of the module, the easiest solution will be to
downgrade to 'numpy<2' or try to upgrade the affected module.
We expect that some modules will need time to support NumPy 2.

Traceback (most recent call last):  File "<frozen runpy>", line 198, in _run_module_as_main
  File "<frozen runpy>", line 88, in _run_code
  File "/Users/markgarcera/trading/backtester/live/rebalance.py", line 24, in <module>
    from live import broker
  File "/Users/markgarcera/trading/backtester/live/broker.py", line 15, in <module>
    from core.alpaca import get_headers
  File "/Users/markgarcera/trading/backtester/live/../core/alpaca.py", line 18, in <module>
    import pandas as pd
  File "/Users/markgarcera/anaconda3/lib/python3.11/site-packages/pandas/__init__.py", line 46, in <module>
    from pandas.core.api import (
  File "/Users/markgarcera/anaconda3/lib/python3.11/site-packages/pandas/core/api.py", line 27, in <module>
    from pandas.core.arrays import Categorical
  File "/Users/markgarcera/anaconda3/lib/python3.11/site-packages/pandas/core/arrays/__init__.py", line 1, in <module>
    from pandas.core.arrays.arrow import ArrowExtensionArray
  File "/Users/markgarcera/anaconda3/lib/python3.11/site-packages/pandas/core/arrays/arrow/__init__.py", line 5, in <module>
    from pandas.core.arrays.arrow.array import ArrowExtensionArray
  File "/Users/markgarcera/anaconda3/lib/python3.11/site-packages/pandas/core/arrays/arrow/array.py", line 65, in <module>
    from pandas.core import (
  File "/Users/markgarcera/anaconda3/lib/python3.11/site-packages/pandas/core/ops/__init__.py", line 9, in <module>
    from pandas.core.ops.array_ops import (
  File "/Users/markgarcera/anaconda3/lib/python3.11/site-packages/pandas/core/ops/array_ops.py", line 55, in <module>
    from pandas.core.computation import expressions
  File "/Users/markgarcera/anaconda3/lib/python3.11/site-packages/pandas/core/computation/expressions.py", line 23, in <module>
    from pandas.core.computation.check import NUMEXPR_INSTALLED
  File "/Users/markgarcera/anaconda3/lib/python3.11/site-packages/pandas/core/computation/check.py", line 5, in <module>
    ne = import_optional_dependency("numexpr", errors="warn")
  File "/Users/markgarcera/anaconda3/lib/python3.11/site-packages/pandas/compat/_optional.py", line 158, in import_optional_dependency
    module = importlib.import_module(name)
  File "/Users/markgarcera/anaconda3/lib/python3.11/importlib/__init__.py", line 126, in import_module
    return _bootstrap._gcd_import(name[level:], package, level)
  File "/Users/markgarcera/anaconda3/lib/python3.11/site-packages/numexpr/__init__.py", line 24, in <module>
    from numexpr.interpreter import MAX_THREADS, use_vml, __BLOCK_SIZE1__
AttributeError: _ARRAY_API not found

A module that was compiled using NumPy 1.x cannot be run in
NumPy 2.4.6 as it may crash. To support both 1.x and 2.x
versions of NumPy, modules must be compiled with NumPy 2.0.
Some module may need to rebuild instead e.g. with 'pybind11>=2.12'.

If you are a user of the module, the easiest solution will be to
downgrade to 'numpy<2' or try to upgrade the affected module.
We expect that some modules will need time to support NumPy 2.

Traceback (most recent call last):  File "<frozen runpy>", line 198, in _run_module_as_main
  File "<frozen runpy>", line 88, in _run_code
  File "/Users/markgarcera/trading/backtester/live/rebalance.py", line 24, in <module>
    from live import broker
  File "/Users/markgarcera/trading/backtester/live/broker.py", line 15, in <module>
    from core.alpaca import get_headers
  File "/Users/markgarcera/trading/backtester/live/../core/alpaca.py", line 18, in <module>
    import pandas as pd
  File "/Users/markgarcera/anaconda3/lib/python3.11/site-packages/pandas/__init__.py", line 46, in <module>
    from pandas.core.api import (
  File "/Users/markgarcera/anaconda3/lib/python3.11/site-packages/pandas/core/api.py", line 27, in <module>
    from pandas.core.arrays import Categorical
  File "/Users/markgarcera/anaconda3/lib/python3.11/site-packages/pandas/core/arrays/__init__.py", line 1, in <module>
    from pandas.core.arrays.arrow import ArrowExtensionArray
  File "/Users/markgarcera/anaconda3/lib/python3.11/site-packages/pandas/core/arrays/arrow/__init__.py", line 5, in <module>
    from pandas.core.arrays.arrow.array import ArrowExtensionArray
  File "/Users/markgarcera/anaconda3/lib/python3.11/site-packages/pandas/core/arrays/arrow/array.py", line 79, in <module>
    from pandas.core.arrays.masked import BaseMaskedArray
  File "/Users/markgarcera/anaconda3/lib/python3.11/site-packages/pandas/core/arrays/masked.py", line 56, in <module>
    from pandas.core import (
  File "/Users/markgarcera/anaconda3/lib/python3.11/site-packages/pandas/core/nanops.py", line 54, in <module>
    bn = import_optional_dependency("bottleneck", errors="warn")
  File "/Users/markgarcera/anaconda3/lib/python3.11/site-packages/pandas/compat/_optional.py", line 158, in import_optional_dependency
    module = importlib.import_module(name)
  File "/Users/markgarcera/anaconda3/lib/python3.11/importlib/__init__.py", line 126, in import_module
    return _bootstrap._gcd_import(name[level:], package, level)
  File "/Users/markgarcera/anaconda3/lib/python3.11/site-packages/bottleneck/__init__.py", line 7, in <module>
    from .move import (move_argmax, move_argmin, move_max, move_mean, move_median,
AttributeError: _ARRAY_API not found
[rebalance] Paper account equity: $100,000.00
[rebalance] Computing target weights …
[fundamentals] AAPL: loaded from cache
[fundamentals] MSFT: loaded from cache
[fundamentals] GOOGL: loaded from cache
[fundamentals] META: loaded from cache
[fundamentals] NVDA: loaded from cache
[fundamentals] AMD: loaded from cache
[fundamentals] AVGO: loaded from cache
[fundamentals] QCOM: loaded from cache
[fundamentals] ORCL: loaded from cache
[fundamentals] CRM: loaded from cache
[fundamentals] ADBE: loaded from cache
[fundamentals] NFLX: loaded from cache
[fundamentals] AMZN: loaded from cache
[fundamentals] TSLA: loaded from cache
[fundamentals] INTC: loaded from cache
[rebalance] Signals as of 2026-07-07  (gross exposure 0.46)
  BUY      9 AMD   @~$510.00    ($4,590)
  BUY     11 AVGO  @~$367.58    ($4,043)
  BUY     18 GOOGL @~$368.45    ($6,632)
  BUY     52 INTC  @~$108.73    ($5,654)
  BUY     27 QCOM  @~$180.59    ($4,876)
  BUY     12 SPY   @~$747.04    ($8,964)
  BUY    113 TLT   @~$84.64     ($9,565)
  → submitted MOC buy 9 AMD
  → submitted MOC buy 11 AVGO
  → submitted MOC buy 18 GOOGL
  → submitted MOC buy 52 INTC
  → submitted MOC buy 27 QCOM
  → submitted MOC buy 12 SPY
  → submitted MOC buy 113 TLT
[rebalance] Decision log → /Users/markgarcera/trading/backtester/outputs/live/decisions/2026-07-07.json

A module that was compiled using NumPy 1.x cannot be run in
NumPy 2.4.6 as it may crash. To support both 1.x and 2.x
versions of NumPy, modules must be compiled with NumPy 2.0.
Some module may need to rebuild instead e.g. with 'pybind11>=2.12'.

If you are a user of the module, the easiest solution will be to
downgrade to 'numpy<2' or try to upgrade the affected module.
We expect that some modules will need time to support NumPy 2.

Traceback (most recent call last):  File "<frozen runpy>", line 198, in _run_module_as_main
  File "<frozen runpy>", line 88, in _run_code
  File "/Users/markgarcera/trading/backtester/live/rebalance.py", line 24, in <module>
    from live import broker
  File "/Users/markgarcera/trading/backtester/live/broker.py", line 15, in <module>
    from core.alpaca import get_headers
  File "/Users/markgarcera/trading/backtester/live/../core/alpaca.py", line 18, in <module>
    import pandas as pd
  File "/Users/markgarcera/anaconda3/lib/python3.11/site-packages/pandas/__init__.py", line 22, in <module>
    from pandas.compat import (
  File "/Users/markgarcera/anaconda3/lib/python3.11/site-packages/pandas/compat/__init__.py", line 28, in <module>
    from pandas.compat.pyarrow import (
  File "/Users/markgarcera/anaconda3/lib/python3.11/site-packages/pandas/compat/pyarrow.py", line 12, in <module>
    import pyarrow as pa
  File "/Users/markgarcera/anaconda3/lib/python3.11/site-packages/pyarrow/__init__.py", line 65, in <module>
    import pyarrow.lib as _lib
AttributeError: _ARRAY_API not found

A module that was compiled using NumPy 1.x cannot be run in
NumPy 2.4.6 as it may crash. To support both 1.x and 2.x
versions of NumPy, modules must be compiled with NumPy 2.0.
Some module may need to rebuild instead e.g. with 'pybind11>=2.12'.

If you are a user of the module, the easiest solution will be to
downgrade to 'numpy<2' or try to upgrade the affected module.
We expect that some modules will need time to support NumPy 2.

Traceback (most recent call last):  File "<frozen runpy>", line 198, in _run_module_as_main
  File "<frozen runpy>", line 88, in _run_code
  File "/Users/markgarcera/trading/backtester/live/rebalance.py", line 24, in <module>
    from live import broker
  File "/Users/markgarcera/trading/backtester/live/broker.py", line 15, in <module>
    from core.alpaca import get_headers
  File "/Users/markgarcera/trading/backtester/live/../core/alpaca.py", line 18, in <module>
    import pandas as pd
  File "/Users/markgarcera/anaconda3/lib/python3.11/site-packages/pandas/__init__.py", line 46, in <module>
    from pandas.core.api import (
  File "/Users/markgarcera/anaconda3/lib/python3.11/site-packages/pandas/core/api.py", line 27, in <module>
    from pandas.core.arrays import Categorical
  File "/Users/markgarcera/anaconda3/lib/python3.11/site-packages/pandas/core/arrays/__init__.py", line 1, in <module>
    from pandas.core.arrays.arrow import ArrowExtensionArray
  File "/Users/markgarcera/anaconda3/lib/python3.11/site-packages/pandas/core/arrays/arrow/__init__.py", line 5, in <module>
    from pandas.core.arrays.arrow.array import ArrowExtensionArray
  File "/Users/markgarcera/anaconda3/lib/python3.11/site-packages/pandas/core/arrays/arrow/array.py", line 65, in <module>
    from pandas.core import (
  File "/Users/markgarcera/anaconda3/lib/python3.11/site-packages/pandas/core/ops/__init__.py", line 9, in <module>
    from pandas.core.ops.array_ops import (
  File "/Users/markgarcera/anaconda3/lib/python3.11/site-packages/pandas/core/ops/array_ops.py", line 55, in <module>
    from pandas.core.computation import expressions
  File "/Users/markgarcera/anaconda3/lib/python3.11/site-packages/pandas/core/computation/expressions.py", line 23, in <module>
    from pandas.core.computation.check import NUMEXPR_INSTALLED
  File "/Users/markgarcera/anaconda3/lib/python3.11/site-packages/pandas/core/computation/check.py", line 5, in <module>
    ne = import_optional_dependency("numexpr", errors="warn")
  File "/Users/markgarcera/anaconda3/lib/python3.11/site-packages/pandas/compat/_optional.py", line 158, in import_optional_dependency
    module = importlib.import_module(name)
  File "/Users/markgarcera/anaconda3/lib/python3.11/importlib/__init__.py", line 126, in import_module
    return _bootstrap._gcd_import(name[level:], package, level)
  File "/Users/markgarcera/anaconda3/lib/python3.11/site-packages/numexpr/__init__.py", line 24, in <module>
    from numexpr.interpreter import MAX_THREADS, use_vml, __BLOCK_SIZE1__
AttributeError: _ARRAY_API not found

A module that was compiled using NumPy 1.x cannot be run in
NumPy 2.4.6 as it may crash. To support both 1.x and 2.x
versions of NumPy, modules must be compiled with NumPy 2.0.
Some module may need to rebuild instead e.g. with 'pybind11>=2.12'.

If you are a user of the module, the easiest solution will be to
downgrade to 'numpy<2' or try to upgrade the affected module.
We expect that some modules will need time to support NumPy 2.

Traceback (most recent call last):  File "<frozen runpy>", line 198, in _run_module_as_main
  File "<frozen runpy>", line 88, in _run_code
  File "/Users/markgarcera/trading/backtester/live/rebalance.py", line 24, in <module>
    from live import broker
  File "/Users/markgarcera/trading/backtester/live/broker.py", line 15, in <module>
    from core.alpaca import get_headers
  File "/Users/markgarcera/trading/backtester/live/../core/alpaca.py", line 18, in <module>
    import pandas as pd
  File "/Users/markgarcera/anaconda3/lib/python3.11/site-packages/pandas/__init__.py", line 46, in <module>
    from pandas.core.api import (
  File "/Users/markgarcera/anaconda3/lib/python3.11/site-packages/pandas/core/api.py", line 27, in <module>
    from pandas.core.arrays import Categorical
  File "/Users/markgarcera/anaconda3/lib/python3.11/site-packages/pandas/core/arrays/__init__.py", line 1, in <module>
    from pandas.core.arrays.arrow import ArrowExtensionArray
  File "/Users/markgarcera/anaconda3/lib/python3.11/site-packages/pandas/core/arrays/arrow/__init__.py", line 5, in <module>
    from pandas.core.arrays.arrow.array import ArrowExtensionArray
  File "/Users/markgarcera/anaconda3/lib/python3.11/site-packages/pandas/core/arrays/arrow/array.py", line 79, in <module>
    from pandas.core.arrays.masked import BaseMaskedArray
  File "/Users/markgarcera/anaconda3/lib/python3.11/site-packages/pandas/core/arrays/masked.py", line 56, in <module>
    from pandas.core import (
  File "/Users/markgarcera/anaconda3/lib/python3.11/site-packages/pandas/core/nanops.py", line 54, in <module>
    bn = import_optional_dependency("bottleneck", errors="warn")
  File "/Users/markgarcera/anaconda3/lib/python3.11/site-packages/pandas/compat/_optional.py", line 158, in import_optional_dependency
    module = importlib.import_module(name)
  File "/Users/markgarcera/anaconda3/lib/python3.11/importlib/__init__.py", line 126, in import_module
    return _bootstrap._gcd_import(name[level:], package, level)
  File "/Users/markgarcera/anaconda3/lib/python3.11/site-packages/bottleneck/__init__.py", line 7, in <module>
    from .move import (move_argmax, move_argmin, move_max, move_mean, move_median,
AttributeError: _ARRAY_API not found
[rebalance] Market closed (next open 2026-07-08T09:30:00-04:00) — exiting.

A module that was compiled using NumPy 1.x cannot be run in
NumPy 2.4.6 as it may crash. To support both 1.x and 2.x
versions of NumPy, modules must be compiled with NumPy 2.0.
Some module may need to rebuild instead e.g. with 'pybind11>=2.12'.

If you are a user of the module, the easiest solution will be to
downgrade to 'numpy<2' or try to upgrade the affected module.
We expect that some modules will need time to support NumPy 2.

Traceback (most recent call last):  File "<frozen runpy>", line 198, in _run_module_as_main
  File "<frozen runpy>", line 88, in _run_code
  File "/Users/markgarcera/trading/backtester/live/reconcile.py", line 17, in <module>
    import pandas as pd
  File "/Users/markgarcera/anaconda3/lib/python3.11/site-packages/pandas/__init__.py", line 22, in <module>
    from pandas.compat import (
  File "/Users/markgarcera/anaconda3/lib/python3.11/site-packages/pandas/compat/__init__.py", line 28, in <module>
    from pandas.compat.pyarrow import (
  File "/Users/markgarcera/anaconda3/lib/python3.11/site-packages/pandas/compat/pyarrow.py", line 12, in <module>
    import pyarrow as pa
  File "/Users/markgarcera/anaconda3/lib/python3.11/site-packages/pyarrow/__init__.py", line 65, in <module>
    import pyarrow.lib as _lib
AttributeError: _ARRAY_API not found

A module that was compiled using NumPy 1.x cannot be run in
NumPy 2.4.6 as it may crash. To support both 1.x and 2.x
versions of NumPy, modules must be compiled with NumPy 2.0.
Some module may need to rebuild instead e.g. with 'pybind11>=2.12'.

If you are a user of the module, the easiest solution will be to
downgrade to 'numpy<2' or try to upgrade the affected module.
We expect that some modules will need time to support NumPy 2.

Traceback (most recent call last):  File "<frozen runpy>", line 198, in _run_module_as_main
  File "<frozen runpy>", line 88, in _run_code
  File "/Users/markgarcera/trading/backtester/live/reconcile.py", line 17, in <module>
    import pandas as pd
  File "/Users/markgarcera/anaconda3/lib/python3.11/site-packages/pandas/__init__.py", line 46, in <module>
    from pandas.core.api import (
  File "/Users/markgarcera/anaconda3/lib/python3.11/site-packages/pandas/core/api.py", line 27, in <module>
    from pandas.core.arrays import Categorical
  File "/Users/markgarcera/anaconda3/lib/python3.11/site-packages/pandas/core/arrays/__init__.py", line 1, in <module>
    from pandas.core.arrays.arrow import ArrowExtensionArray
  File "/Users/markgarcera/anaconda3/lib/python3.11/site-packages/pandas/core/arrays/arrow/__init__.py", line 5, in <module>
    from pandas.core.arrays.arrow.array import ArrowExtensionArray
  File "/Users/markgarcera/anaconda3/lib/python3.11/site-packages/pandas/core/arrays/arrow/array.py", line 65, in <module>
    from pandas.core import (
  File "/Users/markgarcera/anaconda3/lib/python3.11/site-packages/pandas/core/ops/__init__.py", line 9, in <module>
    from pandas.core.ops.array_ops import (
  File "/Users/markgarcera/anaconda3/lib/python3.11/site-packages/pandas/core/ops/array_ops.py", line 55, in <module>
    from pandas.core.computation import expressions
  File "/Users/markgarcera/anaconda3/lib/python3.11/site-packages/pandas/core/computation/expressions.py", line 23, in <module>
    from pandas.core.computation.check import NUMEXPR_INSTALLED
  File "/Users/markgarcera/anaconda3/lib/python3.11/site-packages/pandas/core/computation/check.py", line 5, in <module>
    ne = import_optional_dependency("numexpr", errors="warn")
  File "/Users/markgarcera/anaconda3/lib/python3.11/site-packages/pandas/compat/_optional.py", line 158, in import_optional_dependency
    module = importlib.import_module(name)
  File "/Users/markgarcera/anaconda3/lib/python3.11/importlib/__init__.py", line 126, in import_module
    return _bootstrap._gcd_import(name[level:], package, level)
  File "/Users/markgarcera/anaconda3/lib/python3.11/site-packages/numexpr/__init__.py", line 24, in <module>
    from numexpr.interpreter import MAX_THREADS, use_vml, __BLOCK_SIZE1__
AttributeError: _ARRAY_API not found

A module that was compiled using NumPy 1.x cannot be run in
NumPy 2.4.6 as it may crash. To support both 1.x and 2.x
versions of NumPy, modules must be compiled with NumPy 2.0.
Some module may need to rebuild instead e.g. with 'pybind11>=2.12'.

If you are a user of the module, the easiest solution will be to
downgrade to 'numpy<2' or try to upgrade the affected module.
We expect that some modules will need time to support NumPy 2.

Traceback (most recent call last):  File "<frozen runpy>", line 198, in _run_module_as_main
  File "<frozen runpy>", line 88, in _run_code
  File "/Users/markgarcera/trading/backtester/live/reconcile.py", line 17, in <module>
    import pandas as pd
  File "/Users/markgarcera/anaconda3/lib/python3.11/site-packages/pandas/__init__.py", line 46, in <module>
    from pandas.core.api import (
  File "/Users/markgarcera/anaconda3/lib/python3.11/site-packages/pandas/core/api.py", line 27, in <module>
    from pandas.core.arrays import Categorical
  File "/Users/markgarcera/anaconda3/lib/python3.11/site-packages/pandas/core/arrays/__init__.py", line 1, in <module>
    from pandas.core.arrays.arrow import ArrowExtensionArray
  File "/Users/markgarcera/anaconda3/lib/python3.11/site-packages/pandas/core/arrays/arrow/__init__.py", line 5, in <module>
    from pandas.core.arrays.arrow.array import ArrowExtensionArray
  File "/Users/markgarcera/anaconda3/lib/python3.11/site-packages/pandas/core/arrays/arrow/array.py", line 79, in <module>
    from pandas.core.arrays.masked import BaseMaskedArray
  File "/Users/markgarcera/anaconda3/lib/python3.11/site-packages/pandas/core/arrays/masked.py", line 56, in <module>
    from pandas.core import (
  File "/Users/markgarcera/anaconda3/lib/python3.11/site-packages/pandas/core/nanops.py", line 54, in <module>
    bn = import_optional_dependency("bottleneck", errors="warn")
  File "/Users/markgarcera/anaconda3/lib/python3.11/site-packages/pandas/compat/_optional.py", line 158, in import_optional_dependency
    module = importlib.import_module(name)
  File "/Users/markgarcera/anaconda3/lib/python3.11/importlib/__init__.py", line 126, in import_module
    return _bootstrap._gcd_import(name[level:], package, level)
  File "/Users/markgarcera/anaconda3/lib/python3.11/site-packages/bottleneck/__init__.py", line 7, in <module>
    from .move import (move_argmax, move_argmin, move_max, move_mean, move_median,
AttributeError: _ARRAY_API not found
[reconcile] Equity $99,988.43 (cash $84,793.68) → /Users/markgarcera/trading/backtester/outputs/live/equity_curve.csv
[reconcile] Checking 7 intended orders from 2026-07-07 …
  buy  AMD   intended     9 filled       0  PARTIAL/MISSING  
  buy  AVGO  intended    11 filled       6  PARTIAL/MISSING  fill $370.62 (+83 bps vs signal price)
  buy  GOOGL intended    18 filled      18  OK  fill $367.06 (-38 bps vs signal price)
  buy  INTC  intended    52 filled      13  PARTIAL/MISSING  fill $110.41 (+155 bps vs signal price)
  buy  QCOM  intended    27 filled      27  OK  fill $182.97 (+132 bps vs signal price)
  buy  SPY   intended    12 filled       0  PARTIAL/MISSING  
  buy  TLT   intended   113 filled       0  PARTIAL/MISSING  
[reconcile] WARNING: 5 order(s) need attention.

A module that was compiled using NumPy 1.x cannot be run in
NumPy 2.4.6 as it may crash. To support both 1.x and 2.x
versions of NumPy, modules must be compiled with NumPy 2.0.
Some module may need to rebuild instead e.g. with 'pybind11>=2.12'.

If you are a user of the module, the easiest solution will be to
downgrade to 'numpy<2' or try to upgrade the affected module.
We expect that some modules will need time to support NumPy 2.

Traceback (most recent call last):  File "<frozen runpy>", line 198, in _run_module_as_main
  File "<frozen runpy>", line 88, in _run_code
  File "/Users/markgarcera/trading/backtester/live/rebalance.py", line 24, in <module>
    from live import broker
  File "/Users/markgarcera/trading/backtester/live/broker.py", line 15, in <module>
    from core.alpaca import get_headers
  File "/Users/markgarcera/trading/backtester/live/../core/alpaca.py", line 18, in <module>
    import pandas as pd
  File "/Users/markgarcera/anaconda3/lib/python3.11/site-packages/pandas/__init__.py", line 22, in <module>
    from pandas.compat import (
  File "/Users/markgarcera/anaconda3/lib/python3.11/site-packages/pandas/compat/__init__.py", line 28, in <module>
    from pandas.compat.pyarrow import (
  File "/Users/markgarcera/anaconda3/lib/python3.11/site-packages/pandas/compat/pyarrow.py", line 12, in <module>
    import pyarrow as pa
  File "/Users/markgarcera/anaconda3/lib/python3.11/site-packages/pyarrow/__init__.py", line 65, in <module>
    import pyarrow.lib as _lib
AttributeError: _ARRAY_API not found

A module that was compiled using NumPy 1.x cannot be run in
NumPy 2.4.6 as it may crash. To support both 1.x and 2.x
versions of NumPy, modules must be compiled with NumPy 2.0.
Some module may need to rebuild instead e.g. with 'pybind11>=2.12'.

If you are a user of the module, the easiest solution will be to
downgrade to 'numpy<2' or try to upgrade the affected module.
We expect that some modules will need time to support NumPy 2.

Traceback (most recent call last):  File "<frozen runpy>", line 198, in _run_module_as_main
  File "<frozen runpy>", line 88, in _run_code
  File "/Users/markgarcera/trading/backtester/live/rebalance.py", line 24, in <module>
    from live import broker
  File "/Users/markgarcera/trading/backtester/live/broker.py", line 15, in <module>
    from core.alpaca import get_headers
  File "/Users/markgarcera/trading/backtester/live/../core/alpaca.py", line 18, in <module>
    import pandas as pd
  File "/Users/markgarcera/anaconda3/lib/python3.11/site-packages/pandas/__init__.py", line 46, in <module>
    from pandas.core.api import (
  File "/Users/markgarcera/anaconda3/lib/python3.11/site-packages/pandas/core/api.py", line 27, in <module>
    from pandas.core.arrays import Categorical
  File "/Users/markgarcera/anaconda3/lib/python3.11/site-packages/pandas/core/arrays/__init__.py", line 1, in <module>
    from pandas.core.arrays.arrow import ArrowExtensionArray
  File "/Users/markgarcera/anaconda3/lib/python3.11/site-packages/pandas/core/arrays/arrow/__init__.py", line 5, in <module>
    from pandas.core.arrays.arrow.array import ArrowExtensionArray
  File "/Users/markgarcera/anaconda3/lib/python3.11/site-packages/pandas/core/arrays/arrow/array.py", line 65, in <module>
    from pandas.core import (
  File "/Users/markgarcera/anaconda3/lib/python3.11/site-packages/pandas/core/ops/__init__.py", line 9, in <module>
    from pandas.core.ops.array_ops import (
  File "/Users/markgarcera/anaconda3/lib/python3.11/site-packages/pandas/core/ops/array_ops.py", line 55, in <module>
    from pandas.core.computation import expressions
  File "/Users/markgarcera/anaconda3/lib/python3.11/site-packages/pandas/core/computation/expressions.py", line 23, in <module>
    from pandas.core.computation.check import NUMEXPR_INSTALLED
  File "/Users/markgarcera/anaconda3/lib/python3.11/site-packages/pandas/core/computation/check.py", line 5, in <module>
    ne = import_optional_dependency("numexpr", errors="warn")
  File "/Users/markgarcera/anaconda3/lib/python3.11/site-packages/pandas/compat/_optional.py", line 158, in import_optional_dependency
    module = importlib.import_module(name)
  File "/Users/markgarcera/anaconda3/lib/python3.11/importlib/__init__.py", line 126, in import_module
    return _bootstrap._gcd_import(name[level:], package, level)
  File "/Users/markgarcera/anaconda3/lib/python3.11/site-packages/numexpr/__init__.py", line 24, in <module>
    from numexpr.interpreter import MAX_THREADS, use_vml, __BLOCK_SIZE1__
AttributeError: _ARRAY_API not found

A module that was compiled using NumPy 1.x cannot be run in
NumPy 2.4.6 as it may crash. To support both 1.x and 2.x
versions of NumPy, modules must be compiled with NumPy 2.0.
Some module may need to rebuild instead e.g. with 'pybind11>=2.12'.

If you are a user of the module, the easiest solution will be to
downgrade to 'numpy<2' or try to upgrade the affected module.
We expect that some modules will need time to support NumPy 2.

Traceback (most recent call last):  File "<frozen runpy>", line 198, in _run_module_as_main
  File "<frozen runpy>", line 88, in _run_code
  File "/Users/markgarcera/trading/backtester/live/rebalance.py", line 24, in <module>
    from live import broker
  File "/Users/markgarcera/trading/backtester/live/broker.py", line 15, in <module>
    from core.alpaca import get_headers
  File "/Users/markgarcera/trading/backtester/live/../core/alpaca.py", line 18, in <module>
    import pandas as pd
  File "/Users/markgarcera/anaconda3/lib/python3.11/site-packages/pandas/__init__.py", line 46, in <module>
    from pandas.core.api import (
  File "/Users/markgarcera/anaconda3/lib/python3.11/site-packages/pandas/core/api.py", line 27, in <module>
    from pandas.core.arrays import Categorical
  File "/Users/markgarcera/anaconda3/lib/python3.11/site-packages/pandas/core/arrays/__init__.py", line 1, in <module>
    from pandas.core.arrays.arrow import ArrowExtensionArray
  File "/Users/markgarcera/anaconda3/lib/python3.11/site-packages/pandas/core/arrays/arrow/__init__.py", line 5, in <module>
    from pandas.core.arrays.arrow.array import ArrowExtensionArray
  File "/Users/markgarcera/anaconda3/lib/python3.11/site-packages/pandas/core/arrays/arrow/array.py", line 79, in <module>
    from pandas.core.arrays.masked import BaseMaskedArray
  File "/Users/markgarcera/anaconda3/lib/python3.11/site-packages/pandas/core/arrays/masked.py", line 56, in <module>
    from pandas.core import (
  File "/Users/markgarcera/anaconda3/lib/python3.11/site-packages/pandas/core/nanops.py", line 54, in <module>
    bn = import_optional_dependency("bottleneck", errors="warn")
  File "/Users/markgarcera/anaconda3/lib/python3.11/site-packages/pandas/compat/_optional.py", line 158, in import_optional_dependency
    module = importlib.import_module(name)
  File "/Users/markgarcera/anaconda3/lib/python3.11/importlib/__init__.py", line 126, in import_module
    return _bootstrap._gcd_import(name[level:], package, level)
  File "/Users/markgarcera/anaconda3/lib/python3.11/site-packages/bottleneck/__init__.py", line 7, in <module>
    from .move import (move_argmax, move_argmin, move_max, move_mean, move_median,
AttributeError: _ARRAY_API not found
[rebalance] Paper account equity: $100,017.70
[rebalance] Computing target weights …
[fundamentals] AAPL: loaded from cache
[fundamentals] MSFT: loaded from cache
[fundamentals] GOOGL: loaded from cache
[fundamentals] META: loaded from cache
[fundamentals] NVDA: loaded from cache
[fundamentals] AMD: loaded from cache
[fundamentals] AVGO: loaded from cache
[fundamentals] QCOM: loaded from cache
[fundamentals] ORCL: loaded from cache
[fundamentals] CRM: loaded from cache
[fundamentals] ADBE: loaded from cache
[fundamentals] NFLX: loaded from cache
[fundamentals] AMZN: loaded from cache
[fundamentals] TSLA: loaded from cache
[fundamentals] INTC: loaded from cache
[rebalance] Signals as of 2026-07-08  (gross exposure 0.46)
  BUY      9 AMD   @~$515.77    ($4,642)
  BUY      4 AVGO  @~$391.48    ($1,566)
  BUY      8 GOOGL @~$359.00    ($2,872)
  BUY     18 INTC  @~$107.97    ($1,943)
  BUY     12 SPY   @~$745.03    ($8,940)
  BUY    113 TLT   @~$84.42     ($9,539)
  → submitted MOC buy 9 AMD
  → submitted MOC buy 4 AVGO
  → submitted MOC buy 8 GOOGL
  → submitted MOC buy 18 INTC
  → submitted MOC buy 12 SPY
  → submitted MOC buy 113 TLT
[rebalance] Decision log → /Users/markgarcera/trading/backtester/outputs/live/decisions/2026-07-08.json

A module that was compiled using NumPy 1.x cannot be run in
NumPy 2.4.6 as it may crash. To support both 1.x and 2.x
versions of NumPy, modules must be compiled with NumPy 2.0.
Some module may need to rebuild instead e.g. with 'pybind11>=2.12'.

If you are a user of the module, the easiest solution will be to
downgrade to 'numpy<2' or try to upgrade the affected module.
We expect that some modules will need time to support NumPy 2.

Traceback (most recent call last):  File "<frozen runpy>", line 198, in _run_module_as_main
  File "<frozen runpy>", line 88, in _run_code
  File "/Users/markgarcera/trading/backtester/live/rebalance.py", line 24, in <module>
    from live import broker
  File "/Users/markgarcera/trading/backtester/live/broker.py", line 15, in <module>
    from core.alpaca import get_headers
  File "/Users/markgarcera/trading/backtester/live/../core/alpaca.py", line 18, in <module>
    import pandas as pd
  File "/Users/markgarcera/anaconda3/lib/python3.11/site-packages/pandas/__init__.py", line 22, in <module>
    from pandas.compat import (
  File "/Users/markgarcera/anaconda3/lib/python3.11/site-packages/pandas/compat/__init__.py", line 28, in <module>
    from pandas.compat.pyarrow import (
  File "/Users/markgarcera/anaconda3/lib/python3.11/site-packages/pandas/compat/pyarrow.py", line 12, in <module>
    import pyarrow as pa
  File "/Users/markgarcera/anaconda3/lib/python3.11/site-packages/pyarrow/__init__.py", line 65, in <module>
    import pyarrow.lib as _lib
AttributeError: _ARRAY_API not found

A module that was compiled using NumPy 1.x cannot be run in
NumPy 2.4.6 as it may crash. To support both 1.x and 2.x
versions of NumPy, modules must be compiled with NumPy 2.0.
Some module may need to rebuild instead e.g. with 'pybind11>=2.12'.

If you are a user of the module, the easiest solution will be to
downgrade to 'numpy<2' or try to upgrade the affected module.
We expect that some modules will need time to support NumPy 2.

Traceback (most recent call last):  File "<frozen runpy>", line 198, in _run_module_as_main
  File "<frozen runpy>", line 88, in _run_code
  File "/Users/markgarcera/trading/backtester/live/rebalance.py", line 24, in <module>
    from live import broker
  File "/Users/markgarcera/trading/backtester/live/broker.py", line 15, in <module>
    from core.alpaca import get_headers
  File "/Users/markgarcera/trading/backtester/live/../core/alpaca.py", line 18, in <module>
    import pandas as pd
  File "/Users/markgarcera/anaconda3/lib/python3.11/site-packages/pandas/__init__.py", line 46, in <module>
    from pandas.core.api import (
  File "/Users/markgarcera/anaconda3/lib/python3.11/site-packages/pandas/core/api.py", line 27, in <module>
    from pandas.core.arrays import Categorical
  File "/Users/markgarcera/anaconda3/lib/python3.11/site-packages/pandas/core/arrays/__init__.py", line 1, in <module>
    from pandas.core.arrays.arrow import ArrowExtensionArray
  File "/Users/markgarcera/anaconda3/lib/python3.11/site-packages/pandas/core/arrays/arrow/__init__.py", line 5, in <module>
    from pandas.core.arrays.arrow.array import ArrowExtensionArray
  File "/Users/markgarcera/anaconda3/lib/python3.11/site-packages/pandas/core/arrays/arrow/array.py", line 65, in <module>
    from pandas.core import (
  File "/Users/markgarcera/anaconda3/lib/python3.11/site-packages/pandas/core/ops/__init__.py", line 9, in <module>
    from pandas.core.ops.array_ops import (
  File "/Users/markgarcera/anaconda3/lib/python3.11/site-packages/pandas/core/ops/array_ops.py", line 55, in <module>
    from pandas.core.computation import expressions
  File "/Users/markgarcera/anaconda3/lib/python3.11/site-packages/pandas/core/computation/expressions.py", line 23, in <module>
    from pandas.core.computation.check import NUMEXPR_INSTALLED
  File "/Users/markgarcera/anaconda3/lib/python3.11/site-packages/pandas/core/computation/check.py", line 5, in <module>
    ne = import_optional_dependency("numexpr", errors="warn")
  File "/Users/markgarcera/anaconda3/lib/python3.11/site-packages/pandas/compat/_optional.py", line 158, in import_optional_dependency
    module = importlib.import_module(name)
  File "/Users/markgarcera/anaconda3/lib/python3.11/importlib/__init__.py", line 126, in import_module
    return _bootstrap._gcd_import(name[level:], package, level)
  File "/Users/markgarcera/anaconda3/lib/python3.11/site-packages/numexpr/__init__.py", line 24, in <module>
    from numexpr.interpreter import MAX_THREADS, use_vml, __BLOCK_SIZE1__
AttributeError: _ARRAY_API not found

A module that was compiled using NumPy 1.x cannot be run in
NumPy 2.4.6 as it may crash. To support both 1.x and 2.x
versions of NumPy, modules must be compiled with NumPy 2.0.
Some module may need to rebuild instead e.g. with 'pybind11>=2.12'.

If you are a user of the module, the easiest solution will be to
downgrade to 'numpy<2' or try to upgrade the affected module.
We expect that some modules will need time to support NumPy 2.

Traceback (most recent call last):  File "<frozen runpy>", line 198, in _run_module_as_main
  File "<frozen runpy>", line 88, in _run_code
  File "/Users/markgarcera/trading/backtester/live/rebalance.py", line 24, in <module>
    from live import broker
  File "/Users/markgarcera/trading/backtester/live/broker.py", line 15, in <module>
    from core.alpaca import get_headers
  File "/Users/markgarcera/trading/backtester/live/../core/alpaca.py", line 18, in <module>
    import pandas as pd
  File "/Users/markgarcera/anaconda3/lib/python3.11/site-packages/pandas/__init__.py", line 46, in <module>
    from pandas.core.api import (
  File "/Users/markgarcera/anaconda3/lib/python3.11/site-packages/pandas/core/api.py", line 27, in <module>
    from pandas.core.arrays import Categorical
  File "/Users/markgarcera/anaconda3/lib/python3.11/site-packages/pandas/core/arrays/__init__.py", line 1, in <module>
    from pandas.core.arrays.arrow import ArrowExtensionArray
  File "/Users/markgarcera/anaconda3/lib/python3.11/site-packages/pandas/core/arrays/arrow/__init__.py", line 5, in <module>
    from pandas.core.arrays.arrow.array import ArrowExtensionArray
  File "/Users/markgarcera/anaconda3/lib/python3.11/site-packages/pandas/core/arrays/arrow/array.py", line 79, in <module>
    from pandas.core.arrays.masked import BaseMaskedArray
  File "/Users/markgarcera/anaconda3/lib/python3.11/site-packages/pandas/core/arrays/masked.py", line 56, in <module>
    from pandas.core import (
  File "/Users/markgarcera/anaconda3/lib/python3.11/site-packages/pandas/core/nanops.py", line 54, in <module>
    bn = import_optional_dependency("bottleneck", errors="warn")
  File "/Users/markgarcera/anaconda3/lib/python3.11/site-packages/pandas/compat/_optional.py", line 158, in import_optional_dependency
    module = importlib.import_module(name)
  File "/Users/markgarcera/anaconda3/lib/python3.11/importlib/__init__.py", line 126, in import_module
    return _bootstrap._gcd_import(name[level:], package, level)
  File "/Users/markgarcera/anaconda3/lib/python3.11/site-packages/bottleneck/__init__.py", line 7, in <module>
    from .move import (move_argmax, move_argmin, move_max, move_mean, move_median,
AttributeError: _ARRAY_API not found
[rebalance] Market closed (next open 2026-07-09T09:30:00-04:00) — exiting.

A module that was compiled using NumPy 1.x cannot be run in
NumPy 2.4.6 as it may crash. To support both 1.x and 2.x
versions of NumPy, modules must be compiled with NumPy 2.0.
Some module may need to rebuild instead e.g. with 'pybind11>=2.12'.

If you are a user of the module, the easiest solution will be to
downgrade to 'numpy<2' or try to upgrade the affected module.
We expect that some modules will need time to support NumPy 2.

Traceback (most recent call last):  File "<frozen runpy>", line 198, in _run_module_as_main
  File "<frozen runpy>", line 88, in _run_code
  File "/Users/markgarcera/trading/backtester/live/reconcile.py", line 17, in <module>
    import pandas as pd
  File "/Users/markgarcera/anaconda3/lib/python3.11/site-packages/pandas/__init__.py", line 22, in <module>
    from pandas.compat import (
  File "/Users/markgarcera/anaconda3/lib/python3.11/site-packages/pandas/compat/__init__.py", line 28, in <module>
    from pandas.compat.pyarrow import (
  File "/Users/markgarcera/anaconda3/lib/python3.11/site-packages/pandas/compat/pyarrow.py", line 12, in <module>
    import pyarrow as pa
  File "/Users/markgarcera/anaconda3/lib/python3.11/site-packages/pyarrow/__init__.py", line 65, in <module>
    import pyarrow.lib as _lib
AttributeError: _ARRAY_API not found

A module that was compiled using NumPy 1.x cannot be run in
NumPy 2.4.6 as it may crash. To support both 1.x and 2.x
versions of NumPy, modules must be compiled with NumPy 2.0.
Some module may need to rebuild instead e.g. with 'pybind11>=2.12'.

If you are a user of the module, the easiest solution will be to
downgrade to 'numpy<2' or try to upgrade the affected module.
We expect that some modules will need time to support NumPy 2.

Traceback (most recent call last):  File "<frozen runpy>", line 198, in _run_module_as_main
  File "<frozen runpy>", line 88, in _run_code
  File "/Users/markgarcera/trading/backtester/live/reconcile.py", line 17, in <module>
    import pandas as pd
  File "/Users/markgarcera/anaconda3/lib/python3.11/site-packages/pandas/__init__.py", line 46, in <module>
    from pandas.core.api import (
  File "/Users/markgarcera/anaconda3/lib/python3.11/site-packages/pandas/core/api.py", line 27, in <module>
    from pandas.core.arrays import Categorical
  File "/Users/markgarcera/anaconda3/lib/python3.11/site-packages/pandas/core/arrays/__init__.py", line 1, in <module>
    from pandas.core.arrays.arrow import ArrowExtensionArray
  File "/Users/markgarcera/anaconda3/lib/python3.11/site-packages/pandas/core/arrays/arrow/__init__.py", line 5, in <module>
    from pandas.core.arrays.arrow.array import ArrowExtensionArray
  File "/Users/markgarcera/anaconda3/lib/python3.11/site-packages/pandas/core/arrays/arrow/array.py", line 65, in <module>
    from pandas.core import (
  File "/Users/markgarcera/anaconda3/lib/python3.11/site-packages/pandas/core/ops/__init__.py", line 9, in <module>
    from pandas.core.ops.array_ops import (
  File "/Users/markgarcera/anaconda3/lib/python3.11/site-packages/pandas/core/ops/array_ops.py", line 55, in <module>
    from pandas.core.computation import expressions
  File "/Users/markgarcera/anaconda3/lib/python3.11/site-packages/pandas/core/computation/expressions.py", line 23, in <module>
    from pandas.core.computation.check import NUMEXPR_INSTALLED
  File "/Users/markgarcera/anaconda3/lib/python3.11/site-packages/pandas/core/computation/check.py", line 5, in <module>
    ne = import_optional_dependency("numexpr", errors="warn")
  File "/Users/markgarcera/anaconda3/lib/python3.11/site-packages/pandas/compat/_optional.py", line 158, in import_optional_dependency
    module = importlib.import_module(name)
  File "/Users/markgarcera/anaconda3/lib/python3.11/importlib/__init__.py", line 126, in import_module
    return _bootstrap._gcd_import(name[level:], package, level)
  File "/Users/markgarcera/anaconda3/lib/python3.11/site-packages/numexpr/__init__.py", line 24, in <module>
    from numexpr.interpreter import MAX_THREADS, use_vml, __BLOCK_SIZE1__
AttributeError: _ARRAY_API not found

A module that was compiled using NumPy 1.x cannot be run in
NumPy 2.4.6 as it may crash. To support both 1.x and 2.x
versions of NumPy, modules must be compiled with NumPy 2.0.
Some module may need to rebuild instead e.g. with 'pybind11>=2.12'.

If you are a user of the module, the easiest solution will be to
downgrade to 'numpy<2' or try to upgrade the affected module.
We expect that some modules will need time to support NumPy 2.

Traceback (most recent call last):  File "<frozen runpy>", line 198, in _run_module_as_main
  File "<frozen runpy>", line 88, in _run_code
  File "/Users/markgarcera/trading/backtester/live/reconcile.py", line 17, in <module>
    import pandas as pd
  File "/Users/markgarcera/anaconda3/lib/python3.11/site-packages/pandas/__init__.py", line 46, in <module>
    from pandas.core.api import (
  File "/Users/markgarcera/anaconda3/lib/python3.11/site-packages/pandas/core/api.py", line 27, in <module>
    from pandas.core.arrays import Categorical
  File "/Users/markgarcera/anaconda3/lib/python3.11/site-packages/pandas/core/arrays/__init__.py", line 1, in <module>
    from pandas.core.arrays.arrow import ArrowExtensionArray
  File "/Users/markgarcera/anaconda3/lib/python3.11/site-packages/pandas/core/arrays/arrow/__init__.py", line 5, in <module>
    from pandas.core.arrays.arrow.array import ArrowExtensionArray
  File "/Users/markgarcera/anaconda3/lib/python3.11/site-packages/pandas/core/arrays/arrow/array.py", line 79, in <module>
    from pandas.core.arrays.masked import BaseMaskedArray
  File "/Users/markgarcera/anaconda3/lib/python3.11/site-packages/pandas/core/arrays/masked.py", line 56, in <module>
    from pandas.core import (
  File "/Users/markgarcera/anaconda3/lib/python3.11/site-packages/pandas/core/nanops.py", line 54, in <module>
    bn = import_optional_dependency("bottleneck", errors="warn")
  File "/Users/markgarcera/anaconda3/lib/python3.11/site-packages/pandas/compat/_optional.py", line 158, in import_optional_dependency
    module = importlib.import_module(name)
  File "/Users/markgarcera/anaconda3/lib/python3.11/importlib/__init__.py", line 126, in import_module
    return _bootstrap._gcd_import(name[level:], package, level)
  File "/Users/markgarcera/anaconda3/lib/python3.11/site-packages/bottleneck/__init__.py", line 7, in <module>
    from .move import (move_argmax, move_argmin, move_max, move_mean, move_median,
AttributeError: _ARRAY_API not found
[reconcile] Equity $100,089.33 (cash $83,345.79) → /Users/markgarcera/trading/backtester/outputs/live/equity_curve.csv
[reconcile] Checking 6 intended orders from 2026-07-08 …
  buy  AMD   intended     9 filled       0  PARTIAL/MISSING  
  buy  AVGO  intended     4 filled       6  OK  fill $370.62 (-533 bps vs signal price)
  buy  GOOGL intended     8 filled      22  OK  fill $361.97 (+83 bps vs signal price)
  buy  INTC  intended    18 filled      13  PARTIAL/MISSING  fill $110.41 (+226 bps vs signal price)
  buy  SPY   intended    12 filled       0  PARTIAL/MISSING  
  buy  TLT   intended   113 filled       0  PARTIAL/MISSING  
[reconcile] WARNING: 4 order(s) need attention.

A module that was compiled using NumPy 1.x cannot be run in
NumPy 2.4.6 as it may crash. To support both 1.x and 2.x
versions of NumPy, modules must be compiled with NumPy 2.0.
Some module may need to rebuild instead e.g. with 'pybind11>=2.12'.

If you are a user of the module, the easiest solution will be to
downgrade to 'numpy<2' or try to upgrade the affected module.
We expect that some modules will need time to support NumPy 2.

Traceback (most recent call last):  File "<frozen runpy>", line 198, in _run_module_as_main
  File "<frozen runpy>", line 88, in _run_code
  File "/Users/markgarcera/trading/backtester/live/rebalance.py", line 24, in <module>
    from live import broker
  File "/Users/markgarcera/trading/backtester/live/broker.py", line 15, in <module>
    from core.alpaca import get_headers
  File "/Users/markgarcera/trading/backtester/live/../core/alpaca.py", line 18, in <module>
    import pandas as pd
  File "/Users/markgarcera/anaconda3/lib/python3.11/site-packages/pandas/__init__.py", line 22, in <module>
    from pandas.compat import (
  File "/Users/markgarcera/anaconda3/lib/python3.11/site-packages/pandas/compat/__init__.py", line 28, in <module>
    from pandas.compat.pyarrow import (
  File "/Users/markgarcera/anaconda3/lib/python3.11/site-packages/pandas/compat/pyarrow.py", line 12, in <module>
    import pyarrow as pa
  File "/Users/markgarcera/anaconda3/lib/python3.11/site-packages/pyarrow/__init__.py", line 65, in <module>
    import pyarrow.lib as _lib
AttributeError: _ARRAY_API not found

A module that was compiled using NumPy 1.x cannot be run in
NumPy 2.4.6 as it may crash. To support both 1.x and 2.x
versions of NumPy, modules must be compiled with NumPy 2.0.
Some module may need to rebuild instead e.g. with 'pybind11>=2.12'.

If you are a user of the module, the easiest solution will be to
downgrade to 'numpy<2' or try to upgrade the affected module.
We expect that some modules will need time to support NumPy 2.

Traceback (most recent call last):  File "<frozen runpy>", line 198, in _run_module_as_main
  File "<frozen runpy>", line 88, in _run_code
  File "/Users/markgarcera/trading/backtester/live/rebalance.py", line 24, in <module>
    from live import broker
  File "/Users/markgarcera/trading/backtester/live/broker.py", line 15, in <module>
    from core.alpaca import get_headers
  File "/Users/markgarcera/trading/backtester/live/../core/alpaca.py", line 18, in <module>
    import pandas as pd
  File "/Users/markgarcera/anaconda3/lib/python3.11/site-packages/pandas/__init__.py", line 46, in <module>
    from pandas.core.api import (
  File "/Users/markgarcera/anaconda3/lib/python3.11/site-packages/pandas/core/api.py", line 27, in <module>
    from pandas.core.arrays import Categorical
  File "/Users/markgarcera/anaconda3/lib/python3.11/site-packages/pandas/core/arrays/__init__.py", line 1, in <module>
    from pandas.core.arrays.arrow import ArrowExtensionArray
  File "/Users/markgarcera/anaconda3/lib/python3.11/site-packages/pandas/core/arrays/arrow/__init__.py", line 5, in <module>
    from pandas.core.arrays.arrow.array import ArrowExtensionArray
  File "/Users/markgarcera/anaconda3/lib/python3.11/site-packages/pandas/core/arrays/arrow/array.py", line 65, in <module>
    from pandas.core import (
  File "/Users/markgarcera/anaconda3/lib/python3.11/site-packages/pandas/core/ops/__init__.py", line 9, in <module>
    from pandas.core.ops.array_ops import (
  File "/Users/markgarcera/anaconda3/lib/python3.11/site-packages/pandas/core/ops/array_ops.py", line 55, in <module>
    from pandas.core.computation import expressions
  File "/Users/markgarcera/anaconda3/lib/python3.11/site-packages/pandas/core/computation/expressions.py", line 23, in <module>
    from pandas.core.computation.check import NUMEXPR_INSTALLED
  File "/Users/markgarcera/anaconda3/lib/python3.11/site-packages/pandas/core/computation/check.py", line 5, in <module>
    ne = import_optional_dependency("numexpr", errors="warn")
  File "/Users/markgarcera/anaconda3/lib/python3.11/site-packages/pandas/compat/_optional.py", line 158, in import_optional_dependency
    module = importlib.import_module(name)
  File "/Users/markgarcera/anaconda3/lib/python3.11/importlib/__init__.py", line 126, in import_module
    return _bootstrap._gcd_import(name[level:], package, level)
  File "/Users/markgarcera/anaconda3/lib/python3.11/site-packages/numexpr/__init__.py", line 24, in <module>
    from numexpr.interpreter import MAX_THREADS, use_vml, __BLOCK_SIZE1__
AttributeError: _ARRAY_API not found

A module that was compiled using NumPy 1.x cannot be run in
NumPy 2.4.6 as it may crash. To support both 1.x and 2.x
versions of NumPy, modules must be compiled with NumPy 2.0.
Some module may need to rebuild instead e.g. with 'pybind11>=2.12'.

If you are a user of the module, the easiest solution will be to
downgrade to 'numpy<2' or try to upgrade the affected module.
We expect that some modules will need time to support NumPy 2.

Traceback (most recent call last):  File "<frozen runpy>", line 198, in _run_module_as_main
  File "<frozen runpy>", line 88, in _run_code
  File "/Users/markgarcera/trading/backtester/live/rebalance.py", line 24, in <module>
    from live import broker
  File "/Users/markgarcera/trading/backtester/live/broker.py", line 15, in <module>
    from core.alpaca import get_headers
  File "/Users/markgarcera/trading/backtester/live/../core/alpaca.py", line 18, in <module>
    import pandas as pd
  File "/Users/markgarcera/anaconda3/lib/python3.11/site-packages/pandas/__init__.py", line 46, in <module>
    from pandas.core.api import (
  File "/Users/markgarcera/anaconda3/lib/python3.11/site-packages/pandas/core/api.py", line 27, in <module>
    from pandas.core.arrays import Categorical
  File "/Users/markgarcera/anaconda3/lib/python3.11/site-packages/pandas/core/arrays/__init__.py", line 1, in <module>
    from pandas.core.arrays.arrow import ArrowExtensionArray
  File "/Users/markgarcera/anaconda3/lib/python3.11/site-packages/pandas/core/arrays/arrow/__init__.py", line 5, in <module>
    from pandas.core.arrays.arrow.array import ArrowExtensionArray
  File "/Users/markgarcera/anaconda3/lib/python3.11/site-packages/pandas/core/arrays/arrow/array.py", line 79, in <module>
    from pandas.core.arrays.masked import BaseMaskedArray
  File "/Users/markgarcera/anaconda3/lib/python3.11/site-packages/pandas/core/arrays/masked.py", line 56, in <module>
    from pandas.core import (
  File "/Users/markgarcera/anaconda3/lib/python3.11/site-packages/pandas/core/nanops.py", line 54, in <module>
    bn = import_optional_dependency("bottleneck", errors="warn")
  File "/Users/markgarcera/anaconda3/lib/python3.11/site-packages/pandas/compat/_optional.py", line 158, in import_optional_dependency
    module = importlib.import_module(name)
  File "/Users/markgarcera/anaconda3/lib/python3.11/importlib/__init__.py", line 126, in import_module
    return _bootstrap._gcd_import(name[level:], package, level)
  File "/Users/markgarcera/anaconda3/lib/python3.11/site-packages/bottleneck/__init__.py", line 7, in <module>
    from .move import (move_argmax, move_argmin, move_max, move_mean, move_median,
AttributeError: _ARRAY_API not found
[rebalance] Paper account equity: $100,239.94
[rebalance] Computing target weights …
[fundamentals] AAPL: loaded from cache
[fundamentals] MSFT: loaded from cache
[fundamentals] GOOGL: loaded from cache
[fundamentals] META: loaded from cache
[fundamentals] NVDA: loaded from cache
[fundamentals] AMD: loaded from cache
[fundamentals] AVGO: loaded from cache
[fundamentals] QCOM: loaded from cache
[fundamentals] ORCL: loaded from cache
[fundamentals] CRM: loaded from cache
[fundamentals] ADBE: loaded from cache
[fundamentals] NFLX: loaded from cache
[fundamentals] AMZN: loaded from cache
[fundamentals] TSLA: loaded from cache
[fundamentals] INTC: loaded from cache
[rebalance] Signals as of 2026-07-09  (gross exposure 0.38)
  BUY     10 AMD   @~$545.09    ($5,451)
  BUY      5 AVGO  @~$403.15    ($2,016)
  BUY    109 BIL   @~$91.46     ($9,970)
  BUY     21 INTC  @~$112.57    ($2,364)
  BUY      2 QCOM  @~$190.84    ($382)
  → submitted MOC buy 10 AMD
  → submitted MOC buy 5 AVGO
  → submitted MOC buy 109 BIL
  → submitted MOC buy 21 INTC
  → submitted MOC buy 2 QCOM
[rebalance] Decision log → /Users/markgarcera/trading/backtester/outputs/live/decisions/2026-07-09.json

A module that was compiled using NumPy 1.x cannot be run in
NumPy 2.4.6 as it may crash. To support both 1.x and 2.x
versions of NumPy, modules must be compiled with NumPy 2.0.
Some module may need to rebuild instead e.g. with 'pybind11>=2.12'.

If you are a user of the module, the easiest solution will be to
downgrade to 'numpy<2' or try to upgrade the affected module.
We expect that some modules will need time to support NumPy 2.

Traceback (most recent call last):  File "<frozen runpy>", line 198, in _run_module_as_main
  File "<frozen runpy>", line 88, in _run_code
  File "/Users/markgarcera/trading/backtester/live/rebalance.py", line 24, in <module>
    from live import broker
  File "/Users/markgarcera/trading/backtester/live/broker.py", line 15, in <module>
    from core.alpaca import get_headers
  File "/Users/markgarcera/trading/backtester/live/../core/alpaca.py", line 18, in <module>
    import pandas as pd
  File "/Users/markgarcera/anaconda3/lib/python3.11/site-packages/pandas/__init__.py", line 22, in <module>
    from pandas.compat import (
  File "/Users/markgarcera/anaconda3/lib/python3.11/site-packages/pandas/compat/__init__.py", line 28, in <module>
    from pandas.compat.pyarrow import (
  File "/Users/markgarcera/anaconda3/lib/python3.11/site-packages/pandas/compat/pyarrow.py", line 12, in <module>
    import pyarrow as pa
  File "/Users/markgarcera/anaconda3/lib/python3.11/site-packages/pyarrow/__init__.py", line 65, in <module>
    import pyarrow.lib as _lib
AttributeError: _ARRAY_API not found

A module that was compiled using NumPy 1.x cannot be run in
NumPy 2.4.6 as it may crash. To support both 1.x and 2.x
versions of NumPy, modules must be compiled with NumPy 2.0.
Some module may need to rebuild instead e.g. with 'pybind11>=2.12'.

If you are a user of the module, the easiest solution will be to
downgrade to 'numpy<2' or try to upgrade the affected module.
We expect that some modules will need time to support NumPy 2.

Traceback (most recent call last):  File "<frozen runpy>", line 198, in _run_module_as_main
  File "<frozen runpy>", line 88, in _run_code
  File "/Users/markgarcera/trading/backtester/live/rebalance.py", line 24, in <module>
    from live import broker
  File "/Users/markgarcera/trading/backtester/live/broker.py", line 15, in <module>
    from core.alpaca import get_headers
  File "/Users/markgarcera/trading/backtester/live/../core/alpaca.py", line 18, in <module>
    import pandas as pd
  File "/Users/markgarcera/anaconda3/lib/python3.11/site-packages/pandas/__init__.py", line 46, in <module>
    from pandas.core.api import (
  File "/Users/markgarcera/anaconda3/lib/python3.11/site-packages/pandas/core/api.py", line 27, in <module>
    from pandas.core.arrays import Categorical
  File "/Users/markgarcera/anaconda3/lib/python3.11/site-packages/pandas/core/arrays/__init__.py", line 1, in <module>
    from pandas.core.arrays.arrow import ArrowExtensionArray
  File "/Users/markgarcera/anaconda3/lib/python3.11/site-packages/pandas/core/arrays/arrow/__init__.py", line 5, in <module>
    from pandas.core.arrays.arrow.array import ArrowExtensionArray
  File "/Users/markgarcera/anaconda3/lib/python3.11/site-packages/pandas/core/arrays/arrow/array.py", line 65, in <module>
    from pandas.core import (
  File "/Users/markgarcera/anaconda3/lib/python3.11/site-packages/pandas/core/ops/__init__.py", line 9, in <module>
    from pandas.core.ops.array_ops import (
  File "/Users/markgarcera/anaconda3/lib/python3.11/site-packages/pandas/core/ops/array_ops.py", line 55, in <module>
    from pandas.core.computation import expressions
  File "/Users/markgarcera/anaconda3/lib/python3.11/site-packages/pandas/core/computation/expressions.py", line 23, in <module>
    from pandas.core.computation.check import NUMEXPR_INSTALLED
  File "/Users/markgarcera/anaconda3/lib/python3.11/site-packages/pandas/core/computation/check.py", line 5, in <module>
    ne = import_optional_dependency("numexpr", errors="warn")
  File "/Users/markgarcera/anaconda3/lib/python3.11/site-packages/pandas/compat/_optional.py", line 158, in import_optional_dependency
    module = importlib.import_module(name)
  File "/Users/markgarcera/anaconda3/lib/python3.11/importlib/__init__.py", line 126, in import_module
    return _bootstrap._gcd_import(name[level:], package, level)
  File "/Users/markgarcera/anaconda3/lib/python3.11/site-packages/numexpr/__init__.py", line 24, in <module>
    from numexpr.interpreter import MAX_THREADS, use_vml, __BLOCK_SIZE1__
AttributeError: _ARRAY_API not found

A module that was compiled using NumPy 1.x cannot be run in
NumPy 2.4.6 as it may crash. To support both 1.x and 2.x
versions of NumPy, modules must be compiled with NumPy 2.0.
Some module may need to rebuild instead e.g. with 'pybind11>=2.12'.

If you are a user of the module, the easiest solution will be to
downgrade to 'numpy<2' or try to upgrade the affected module.
We expect that some modules will need time to support NumPy 2.

Traceback (most recent call last):  File "<frozen runpy>", line 198, in _run_module_as_main
  File "<frozen runpy>", line 88, in _run_code
  File "/Users/markgarcera/trading/backtester/live/rebalance.py", line 24, in <module>
    from live import broker
  File "/Users/markgarcera/trading/backtester/live/broker.py", line 15, in <module>
    from core.alpaca import get_headers
  File "/Users/markgarcera/trading/backtester/live/../core/alpaca.py", line 18, in <module>
    import pandas as pd
  File "/Users/markgarcera/anaconda3/lib/python3.11/site-packages/pandas/__init__.py", line 46, in <module>
    from pandas.core.api import (
  File "/Users/markgarcera/anaconda3/lib/python3.11/site-packages/pandas/core/api.py", line 27, in <module>
    from pandas.core.arrays import Categorical
  File "/Users/markgarcera/anaconda3/lib/python3.11/site-packages/pandas/core/arrays/__init__.py", line 1, in <module>
    from pandas.core.arrays.arrow import ArrowExtensionArray
  File "/Users/markgarcera/anaconda3/lib/python3.11/site-packages/pandas/core/arrays/arrow/__init__.py", line 5, in <module>
    from pandas.core.arrays.arrow.array import ArrowExtensionArray
  File "/Users/markgarcera/anaconda3/lib/python3.11/site-packages/pandas/core/arrays/arrow/array.py", line 79, in <module>
    from pandas.core.arrays.masked import BaseMaskedArray
  File "/Users/markgarcera/anaconda3/lib/python3.11/site-packages/pandas/core/arrays/masked.py", line 56, in <module>
    from pandas.core import (
  File "/Users/markgarcera/anaconda3/lib/python3.11/site-packages/pandas/core/nanops.py", line 54, in <module>
    bn = import_optional_dependency("bottleneck", errors="warn")
  File "/Users/markgarcera/anaconda3/lib/python3.11/site-packages/pandas/compat/_optional.py", line 158, in import_optional_dependency
    module = importlib.import_module(name)
  File "/Users/markgarcera/anaconda3/lib/python3.11/importlib/__init__.py", line 126, in import_module
    return _bootstrap._gcd_import(name[level:], package, level)
  File "/Users/markgarcera/anaconda3/lib/python3.11/site-packages/bottleneck/__init__.py", line 7, in <module>
    from .move import (move_argmax, move_argmin, move_max, move_mean, move_median,
AttributeError: _ARRAY_API not found
[rebalance] Market closed (next open 2026-07-10T09:30:00-04:00) — exiting.

A module that was compiled using NumPy 1.x cannot be run in
NumPy 2.4.6 as it may crash. To support both 1.x and 2.x
versions of NumPy, modules must be compiled with NumPy 2.0.
Some module may need to rebuild instead e.g. with 'pybind11>=2.12'.

If you are a user of the module, the easiest solution will be to
downgrade to 'numpy<2' or try to upgrade the affected module.
We expect that some modules will need time to support NumPy 2.

Traceback (most recent call last):  File "<frozen runpy>", line 198, in _run_module_as_main
  File "<frozen runpy>", line 88, in _run_code
  File "/Users/markgarcera/trading/backtester/live/reconcile.py", line 17, in <module>
    import pandas as pd
  File "/Users/markgarcera/anaconda3/lib/python3.11/site-packages/pandas/__init__.py", line 22, in <module>
    from pandas.compat import (
  File "/Users/markgarcera/anaconda3/lib/python3.11/site-packages/pandas/compat/__init__.py", line 28, in <module>
    from pandas.compat.pyarrow import (
  File "/Users/markgarcera/anaconda3/lib/python3.11/site-packages/pandas/compat/pyarrow.py", line 12, in <module>
    import pyarrow as pa
  File "/Users/markgarcera/anaconda3/lib/python3.11/site-packages/pyarrow/__init__.py", line 65, in <module>
    import pyarrow.lib as _lib
AttributeError: _ARRAY_API not found

A module that was compiled using NumPy 1.x cannot be run in
NumPy 2.4.6 as it may crash. To support both 1.x and 2.x
versions of NumPy, modules must be compiled with NumPy 2.0.
Some module may need to rebuild instead e.g. with 'pybind11>=2.12'.

If you are a user of the module, the easiest solution will be to
downgrade to 'numpy<2' or try to upgrade the affected module.
We expect that some modules will need time to support NumPy 2.

Traceback (most recent call last):  File "<frozen runpy>", line 198, in _run_module_as_main
  File "<frozen runpy>", line 88, in _run_code
  File "/Users/markgarcera/trading/backtester/live/reconcile.py", line 17, in <module>
    import pandas as pd
  File "/Users/markgarcera/anaconda3/lib/python3.11/site-packages/pandas/__init__.py", line 46, in <module>
    from pandas.core.api import (
  File "/Users/markgarcera/anaconda3/lib/python3.11/site-packages/pandas/core/api.py", line 27, in <module>
    from pandas.core.arrays import Categorical
  File "/Users/markgarcera/anaconda3/lib/python3.11/site-packages/pandas/core/arrays/__init__.py", line 1, in <module>
    from pandas.core.arrays.arrow import ArrowExtensionArray
  File "/Users/markgarcera/anaconda3/lib/python3.11/site-packages/pandas/core/arrays/arrow/__init__.py", line 5, in <module>
    from pandas.core.arrays.arrow.array import ArrowExtensionArray
  File "/Users/markgarcera/anaconda3/lib/python3.11/site-packages/pandas/core/arrays/arrow/array.py", line 65, in <module>
    from pandas.core import (
  File "/Users/markgarcera/anaconda3/lib/python3.11/site-packages/pandas/core/ops/__init__.py", line 9, in <module>
    from pandas.core.ops.array_ops import (
  File "/Users/markgarcera/anaconda3/lib/python3.11/site-packages/pandas/core/ops/array_ops.py", line 55, in <module>
    from pandas.core.computation import expressions
  File "/Users/markgarcera/anaconda3/lib/python3.11/site-packages/pandas/core/computation/expressions.py", line 23, in <module>
    from pandas.core.computation.check import NUMEXPR_INSTALLED
  File "/Users/markgarcera/anaconda3/lib/python3.11/site-packages/pandas/core/computation/check.py", line 5, in <module>
    ne = import_optional_dependency("numexpr", errors="warn")
  File "/Users/markgarcera/anaconda3/lib/python3.11/site-packages/pandas/compat/_optional.py", line 158, in import_optional_dependency
    module = importlib.import_module(name)
  File "/Users/markgarcera/anaconda3/lib/python3.11/importlib/__init__.py", line 126, in import_module
    return _bootstrap._gcd_import(name[level:], package, level)
  File "/Users/markgarcera/anaconda3/lib/python3.11/site-packages/numexpr/__init__.py", line 24, in <module>
    from numexpr.interpreter import MAX_THREADS, use_vml, __BLOCK_SIZE1__
AttributeError: _ARRAY_API not found

A module that was compiled using NumPy 1.x cannot be run in
NumPy 2.4.6 as it may crash. To support both 1.x and 2.x
versions of NumPy, modules must be compiled with NumPy 2.0.
Some module may need to rebuild instead e.g. with 'pybind11>=2.12'.

If you are a user of the module, the easiest solution will be to
downgrade to 'numpy<2' or try to upgrade the affected module.
We expect that some modules will need time to support NumPy 2.

Traceback (most recent call last):  File "<frozen runpy>", line 198, in _run_module_as_main
  File "<frozen runpy>", line 88, in _run_code
  File "/Users/markgarcera/trading/backtester/live/reconcile.py", line 17, in <module>
    import pandas as pd
  File "/Users/markgarcera/anaconda3/lib/python3.11/site-packages/pandas/__init__.py", line 46, in <module>
    from pandas.core.api import (
  File "/Users/markgarcera/anaconda3/lib/python3.11/site-packages/pandas/core/api.py", line 27, in <module>
    from pandas.core.arrays import Categorical
  File "/Users/markgarcera/anaconda3/lib/python3.11/site-packages/pandas/core/arrays/__init__.py", line 1, in <module>
    from pandas.core.arrays.arrow import ArrowExtensionArray
  File "/Users/markgarcera/anaconda3/lib/python3.11/site-packages/pandas/core/arrays/arrow/__init__.py", line 5, in <module>
    from pandas.core.arrays.arrow.array import ArrowExtensionArray
  File "/Users/markgarcera/anaconda3/lib/python3.11/site-packages/pandas/core/arrays/arrow/array.py", line 79, in <module>
    from pandas.core.arrays.masked import BaseMaskedArray
  File "/Users/markgarcera/anaconda3/lib/python3.11/site-packages/pandas/core/arrays/masked.py", line 56, in <module>
    from pandas.core import (
  File "/Users/markgarcera/anaconda3/lib/python3.11/site-packages/pandas/core/nanops.py", line 54, in <module>
    bn = import_optional_dependency("bottleneck", errors="warn")
  File "/Users/markgarcera/anaconda3/lib/python3.11/site-packages/pandas/compat/_optional.py", line 158, in import_optional_dependency
    module = importlib.import_module(name)
  File "/Users/markgarcera/anaconda3/lib/python3.11/importlib/__init__.py", line 126, in import_module
    return _bootstrap._gcd_import(name[level:], package, level)
  File "/Users/markgarcera/anaconda3/lib/python3.11/site-packages/bottleneck/__init__.py", line 7, in <module>
    from .move import (move_argmax, move_argmin, move_max, move_mean, move_median,
AttributeError: _ARRAY_API not found
[reconcile] Equity $100,244.03 (cash $68,485.94) → /Users/markgarcera/trading/backtester/outputs/live/equity_curve.csv
[reconcile] Checking 5 intended orders from 2026-07-09 …
  buy  AMD   intended    10 filled      10  OK  fill $546.64 (+28 bps vs signal price)
  buy  AVGO  intended     5 filled       6  OK  fill $370.62 (-807 bps vs signal price)
  buy  BIL   intended   109 filled      92  PARTIAL/MISSING  fill $91.47 (+1 bps vs signal price)
  buy  INTC  intended    21 filled      20  PARTIAL/MISSING  fill $112.45 (-11 bps vs signal price)
  buy  QCOM  intended     2 filled      28  OK  fill $191.05 (+11 bps vs signal price)
[reconcile] WARNING: 2 order(s) need attention.
[rebalance] Paper account equity: $100,141.24
[rebalance] Computing target weights …
[fundamentals] AAPL: loaded from cache
[fundamentals] MSFT: loaded from cache
[fundamentals] GOOGL: loaded from cache
[fundamentals] META: loaded from cache
[fundamentals] NVDA: loaded from cache
[fundamentals] AMD: loaded from cache
[fundamentals] AVGO: loaded from cache
[fundamentals] QCOM: loaded from cache
[fundamentals] ORCL: loaded from cache
[fundamentals] CRM: loaded from cache
[fundamentals] ADBE: loaded from cache
[fundamentals] NFLX: loaded from cache
[fundamentals] AMZN: loaded from cache
[fundamentals] TSLA: loaded from cache
[fundamentals] INTC: loaded from cache
[rebalance] Signals as of 2026-07-10  (gross exposure 0.98)
  BUY      6 AVGO  @~$399.48    ($2,397)
  BUY    659 BIL   @~$91.50     ($60,295)
  BUY      1 GOOGL @~$356.54    ($357)
  BUY     16 INTC  @~$109.83    ($1,757)
  BUY      4 QCOM  @~$188.49    ($754)
  → submitted buy 6 AVGO
  → submitted buy 659 BIL
  → submitted buy 1 GOOGL
  → submitted buy 16 INTC
  → submitted buy 4 QCOM
[rebalance] Decision log → /Users/markgarcera/trading/backtester/outputs/live/decisions/2026-07-10.json
[rebalance] Market closed (next open 2026-07-13T09:30:00-04:00) — exiting.
[reconcile] Equity $100,211.20 (cash $2,923.53) → /Users/markgarcera/trading/backtester/outputs/live/equity_curve.csv
[reconcile] Checking 5 intended orders from 2026-07-10 …
  buy  AVGO  intended     6 filled       6  OK  fill $399.55 (+2 bps vs signal price)
  buy  BIL   intended   659 filled     659  OK  fill $91.50 (+0 bps vs signal price)
  buy  GOOGL intended     1 filled       1  OK  fill $356.68 (+4 bps vs signal price)
  buy  INTC  intended    16 filled      16  OK  fill $109.73 (-9 bps vs signal price)
  buy  QCOM  intended     4 filled       4  OK  fill $188.56 (+4 bps vs signal price)
[reconcile] All orders filled as intended.
[rebalance] Paper account equity: $99,251.13
[rebalance] Computing target weights …
[fundamentals] AAPL: loaded from cache
[fundamentals] MSFT: loaded from cache
[fundamentals] GOOGL: loaded from cache
[fundamentals] META: loaded from cache
[fundamentals] NVDA: loaded from cache
[fundamentals] AMD: loaded from cache
[fundamentals] AVGO: loaded from cache
[fundamentals] QCOM: loaded from cache
[fundamentals] ORCL: loaded from cache
[fundamentals] CRM: loaded from cache
[fundamentals] ADBE: loaded from cache
[fundamentals] NFLX: loaded from cache
[fundamentals] AMZN: loaded from cache
[fundamentals] TSLA: loaded from cache
[fundamentals] INTC: loaded from cache
[rebalance] Signals as of 2026-07-13  (gross exposure 0.98)
  SELL   192 BIL   @~$91.50     ($17,568)
  BUY      1 AMD   @~$533.01    ($533)
  BUY      8 AVGO  @~$384.62    ($3,077)
  BUY      1 GOOGL @~$354.52    ($355)
  BUY     32 INTC  @~$101.92    ($3,261)
  BUY     13 NVDA  @~$203.68    ($2,648)
  BUY     17 QCOM  @~$182.67    ($3,105)
  BUY      6 QQQ   @~$711.02    ($4,266)
  → submitted sell 192 BIL
  → submitted buy 1 AMD
  → submitted buy 8 AVGO
  → submitted buy 1 GOOGL
  → submitted buy 32 INTC
  → submitted buy 13 NVDA
  → submitted buy 17 QCOM
  → submitted buy 6 QQQ
[rebalance] Decision log → /Users/markgarcera/trading/backtester/outputs/live/decisions/2026-07-13.json
[rebalance] Market closed (next open 2026-07-14T09:30:00-04:00) — exiting.
[reconcile] Equity $99,298.91 (cash $3,247.21) → /Users/markgarcera/trading/backtester/outputs/live/equity_curve.csv
[reconcile] Checking 8 intended orders from 2026-07-13 …
  sell BIL   intended   192 filled     192  OK  fill $91.50 (+0 bps vs signal price)
  buy  AMD   intended     1 filled       1  OK  fill $533.09 (+2 bps vs signal price)
  buy  AVGO  intended     8 filled       8  OK  fill $384.56 (-2 bps vs signal price)
  buy  GOOGL intended     1 filled       1  OK  fill $354.37 (-4 bps vs signal price)
  buy  INTC  intended    32 filled      32  OK  fill $101.92 (+0 bps vs signal price)
  buy  NVDA  intended    13 filled      13  OK  fill $203.68 (+0 bps vs signal price)
  buy  QCOM  intended    17 filled      17  OK  fill $182.68 (+1 bps vs signal price)
  buy  QQQ   intended     6 filled       6  OK  fill $710.92 (-1 bps vs signal price)
[reconcile] All orders filled as intended.
[rebalance] Paper account equity: $100,118.00
[rebalance] Computing target weights …
[signals] EDGAR caches stale — refreshing fundamentals …
[fundamentals] AAPL: 67 filing dates (2009-07-22 → 2026-05-01)
[fundamentals] MSFT: 67 filing dates (2009-10-23 → 2026-04-29)
[fundamentals] GOOGL: 43 filing dates (2015-10-29 → 2026-04-30)
[fundamentals] META: 56 filing dates (2012-07-31 → 2026-04-30)
[fundamentals] NVDA: 68 filing dates (2009-08-20 → 2026-05-20)
[fundamentals] AMD: 54 filing dates (2013-02-21 → 2026-05-06)
[fundamentals] AVGO: 7 filing dates (2018-06-14 → 2024-12-20)
[fundamentals] QCOM: 64 filing dates (2009-12-22 → 2026-04-29)
[fundamentals] ORCL: 58 filing dates (2010-07-01 → 2026-06-22)
[fundamentals] CRM: 55 filing dates (2009-08-25 → 2026-05-28)
[fundamentals] ADBE: 69 filing dates (2009-06-26 → 2026-06-15)
[fundamentals] NFLX: 68 filing dates (2009-07-31 → 2026-04-17)
[fundamentals] AMZN: 68 filing dates (2009-07-24 → 2026-04-30)
[fundamentals] TSLA: 60 filing dates (2011-08-12 → 2026-04-23)
[fundamentals] INTC: 68 filing dates (2009-08-03 → 2026-04-24)
[rebalance] Signals as of 2026-07-14  (gross exposure 0.98)
  SELL    29 INTC  @~$108.21    ($3,138)
  SELL    13 NVDA  @~$212.01    ($2,756)
  SELL     6 QQQ   @~$720.86    ($4,325)
  BUY    112 BIL   @~$91.51     ($10,249)
  BUY      1 GOOGL @~$359.66    ($360)
  BUY      2 QCOM  @~$178.78    ($358)
  → submitted sell 29 INTC
  → submitted sell 13 NVDA
  → submitted sell 6 QQQ
  → submitted buy 112 BIL
  → submitted buy 1 GOOGL
  → submitted buy 2 QCOM
[rebalance] Decision log → /Users/markgarcera/trading/backtester/outputs/live/decisions/2026-07-14.json
[rebalance] Market closed (next open 2026-07-15T09:30:00-04:00) — exiting.
[reconcile] Equity $99,974.07 (cash $2,489.70) → /Users/markgarcera/trading/backtester/outputs/live/equity_curve.csv
[reconcile] Checking 6 intended orders from 2026-07-14 …
  sell INTC  intended    29 filled      29  OK  fill $108.03 (-17 bps vs signal price)
  sell NVDA  intended    13 filled      13  OK  fill $211.74 (-13 bps vs signal price)
  sell QQQ   intended     6 filled       6  OK  fill $720.55 (-4 bps vs signal price)
  buy  BIL   intended   112 filled     112  OK  fill $91.51 (+0 bps vs signal price)
  buy  GOOGL intended     1 filled       1  OK  fill $359.74 (+2 bps vs signal price)
  buy  QCOM  intended     2 filled       2  OK  fill $178.71 (-4 bps vs signal price)
[reconcile] All orders filled as intended.
[rebalance] Paper account equity: $99,796.78
[rebalance] Computing target weights …
[fundamentals] AAPL: loaded from cache
[fundamentals] MSFT: loaded from cache
[fundamentals] GOOGL: loaded from cache
[fundamentals] META: loaded from cache
[fundamentals] NVDA: loaded from cache
[fundamentals] AMD: loaded from cache
[fundamentals] AVGO: loaded from cache
[fundamentals] QCOM: loaded from cache
[fundamentals] ORCL: loaded from cache
[fundamentals] CRM: loaded from cache
[fundamentals] ADBE: loaded from cache
[fundamentals] NFLX: loaded from cache
[fundamentals] AMZN: loaded from cache
[fundamentals] TSLA: loaded from cache
[fundamentals] INTC: loaded from cache
[rebalance] Signals as of 2026-07-15  (gross exposure 0.98)
  SELL    53 BIL   @~$91.52     ($4,850)
  BUY      6 AMD   @~$525.19    ($3,151)
  BUY      1 AVGO  @~$392.44    ($392)
  BUY      5 INTC  @~$101.30    ($506)
  BUY      2 QCOM  @~$177.63    ($355)
  → submitted sell 53 BIL
  → submitted buy 6 AMD
  → submitted buy 1 AVGO
  → submitted buy 5 INTC
  → submitted buy 2 QCOM
[rebalance] Decision log → /Users/markgarcera/trading/backtester/outputs/live/decisions/2026-07-15.json
[rebalance] Market closed (next open 2026-07-16T09:30:00-04:00) — exiting.
[reconcile] Equity $100,048.25 (cash $2,937.19) → /Users/markgarcera/trading/backtester/outputs/live/equity_curve.csv
[reconcile] Checking 5 intended orders from 2026-07-15 …
  sell BIL   intended    53 filled      53  OK  fill $91.51 (-1 bps vs signal price)
  buy  AMD   intended     6 filled       6  OK  fill $524.76 (-8 bps vs signal price)
  buy  AVGO  intended     1 filled       1  OK  fill $392.47 (+1 bps vs signal price)
  buy  INTC  intended     5 filled       5  OK  fill $101.23 (-7 bps vs signal price)
  buy  QCOM  intended     2 filled       2  OK  fill $177.67 (+2 bps vs signal price)
[reconcile] All orders filled as intended.
[rebalance] Paper account equity: $97,938.52
[rebalance] Computing target weights …
[fundamentals] AAPL: loaded from cache
[fundamentals] MSFT: loaded from cache
[fundamentals] GOOGL: loaded from cache
[fundamentals] META: loaded from cache
[fundamentals] NVDA: loaded from cache
[fundamentals] AMD: loaded from cache
[fundamentals] AVGO: loaded from cache
[fundamentals] QCOM: loaded from cache
[fundamentals] ORCL: loaded from cache
[fundamentals] CRM: loaded from cache
[fundamentals] ADBE: loaded from cache
[fundamentals] NFLX: loaded from cache
[fundamentals] AMZN: loaded from cache
[fundamentals] TSLA: loaded from cache
[fundamentals] INTC: loaded from cache
[rebalance] Signals as of 2026-07-16  (gross exposure 0.98)
  SELL     1 AMD   @~$496.07    ($496)
  SELL     8 AVGO  @~$376.12    ($3,009)
  SELL    86 BIL   @~$91.53     ($7,871)
  SELL     6 QCOM  @~$170.52    ($1,023)
  BUY      7 AMZN  @~$251.62    ($1,761)
  BUY      5 GOOGL @~$353.07    ($1,765)
  BUY     20 INTC  @~$96.10     ($1,922)
  BUY      2 META  @~$662.79    ($1,326)
  BUY      7 QQQ   @~$704.31    ($4,930)
  → submitted sell 1 AMD
  → submitted sell 8 AVGO
  → submitted sell 86 BIL
  → submitted sell 6 QCOM
  → submitted buy 7 AMZN
  → submitted buy 5 GOOGL
  → submitted buy 20 INTC
  → submitted buy 2 META
  → submitted buy 7 QQQ
[rebalance] Decision log → /Users/markgarcera/trading/backtester/outputs/live/decisions/2026-07-16.json
[rebalance] Market closed (next open 2026-07-17T09:30:00-04:00) — exiting.
[reconcile] Equity $98,009.93 (cash $3,624.22) → /Users/markgarcera/trading/backtester/outputs/live/equity_curve.csv
[reconcile] Checking 9 intended orders from 2026-07-16 …
  sell AMD   intended     1 filled       1  OK  fill $495.43 (-13 bps vs signal price)
  sell AVGO  intended     8 filled       8  OK  fill $375.93 (-5 bps vs signal price)
  sell BIL   intended    86 filled      86  OK  fill $91.52 (-1 bps vs signal price)
  sell QCOM  intended     6 filled       6  OK  fill $170.30 (-13 bps vs signal price)
  buy  AMZN  intended     7 filled       7  OK  fill $251.57 (-2 bps vs signal price)
  buy  GOOGL intended     5 filled       5  OK  fill $353.90 (+24 bps vs signal price)
  buy  INTC  intended    20 filled      20  OK  fill $96.11 (+1 bps vs signal price)
  buy  META  intended     2 filled       2  OK  fill $663.20 (+6 bps vs signal price)
  buy  QQQ   intended     7 filled       7  OK  fill $704.18 (-2 bps vs signal price)
[reconcile] All orders filled as intended.
[rebalance] Paper account equity: $97,321.31
[rebalance] Computing target weights …
[fundamentals] AAPL: loaded from cache
[fundamentals] MSFT: loaded from cache
[fundamentals] GOOGL: loaded from cache
[fundamentals] META: loaded from cache
[fundamentals] NVDA: loaded from cache
[fundamentals] AMD: loaded from cache
[fundamentals] AVGO: loaded from cache
[fundamentals] QCOM: loaded from cache
[fundamentals] ORCL: loaded from cache
[fundamentals] CRM: loaded from cache
[fundamentals] ADBE: loaded from cache
[fundamentals] NFLX: loaded from cache
[fundamentals] AMZN: loaded from cache
[fundamentals] TSLA: loaded from cache
[fundamentals] INTC: loaded from cache
[rebalance] Signals as of 2026-07-17  (gross exposure 0.98)
  SELL     4 AMD   @~$492.96    ($1,972)
  SELL     7 AMZN  @~$247.36    ($1,732)
  SELL    18 INTC  @~$94.94     ($1,709)
  SELL     2 META  @~$643.06    ($1,286)
  SELL    11 QCOM  @~$169.90    ($1,869)
  SELL     7 QQQ   @~$694.61    ($4,862)
  BUY      1 AVGO  @~$370.39    ($370)
  BUY    138 BIL   @~$91.56     ($12,635)
  BUY      4 GOOGL @~$344.93    ($1,380)
  → submitted sell 4 AMD
  → submitted sell 7 AMZN
  → submitted sell 18 INTC
  → submitted sell 2 META
  → submitted sell 11 QCOM
  → submitted sell 7 QQQ
  → submitted buy 1 AVGO
  → submitted buy 138 BIL
  → submitted buy 4 GOOGL
[rebalance] Decision log → /Users/markgarcera/trading/backtester/outputs/live/decisions/2026-07-17.json
[rebalance] Market closed (next open 2026-07-20T09:30:00-04:00) — exiting.
[reconcile] Equity $97,438.80 (cash $2,658.28) → /Users/markgarcera/trading/backtester/outputs/live/equity_curve.csv
[reconcile] Checking 9 intended orders from 2026-07-17 …
  sell AMD   intended     4 filled       4  OK  fill $492.07 (-18 bps vs signal price)
  sell AMZN  intended     7 filled       7  OK  fill $247.36 (+0 bps vs signal price)
  sell INTC  intended    18 filled      18  OK  fill $94.79 (-16 bps vs signal price)
  sell META  intended     2 filled       2  OK  fill $642.72 (-5 bps vs signal price)
  sell QCOM  intended    11 filled      11  OK  fill $169.78 (-7 bps vs signal price)
  sell QQQ   intended     7 filled       7  OK  fill $694.28 (-5 bps vs signal price)
  buy  AVGO  intended     1 filled       1  OK  fill $370.19 (-5 bps vs signal price)
  buy  BIL   intended   138 filled     138  OK  fill $91.56 (+0 bps vs signal price)
  buy  GOOGL intended     4 filled       4  OK  fill $344.86 (-2 bps vs signal price)
[reconcile] All orders filled as intended.
[rebalance] Paper account equity: $97,973.85
[rebalance] Computing target weights …
[fundamentals] AAPL: loaded from cache
[fundamentals] MSFT: loaded from cache
[fundamentals] GOOGL: loaded from cache
[fundamentals] META: loaded from cache
[fundamentals] NVDA: loaded from cache
[fundamentals] AMD: loaded from cache
[fundamentals] AVGO: loaded from cache
[fundamentals] QCOM: loaded from cache
[fundamentals] ORCL: loaded from cache
[fundamentals] CRM: loaded from cache
[fundamentals] ADBE: loaded from cache
[fundamentals] NFLX: loaded from cache
[fundamentals] AMZN: loaded from cache
[fundamentals] TSLA: loaded from cache
[fundamentals] INTC: loaded from cache
[rebalance] Signals as of 2026-07-20  (gross exposure 0.98)
  SELL   181 BIL   @~$91.56     ($16,572)
  SELL     6 GOOGL @~$352.20    ($2,113)
  BUY      7 AMD   @~$507.31    ($3,551)
  BUY      1 AVGO  @~$378.88    ($379)
  BUY     33 INTC  @~$97.44     ($3,216)
  BUY     13 NVDA  @~$202.76    ($2,636)
  BUY     20 QCOM  @~$170.51    ($3,410)
  BUY      7 QQQ   @~$696.97    ($4,879)
  → submitted sell 181 BIL
  → submitted sell 6 GOOGL
  → submitted buy 7 AMD
  → submitted buy 1 AVGO
  → submitted buy 33 INTC
  → submitted buy 13 NVDA
  → submitted buy 20 QCOM
  → submitted buy 7 QQQ
[rebalance] Decision log → /Users/markgarcera/trading/backtester/outputs/live/decisions/2026-07-20.json
[rebalance] Market closed (next open 2026-07-21T09:30:00-04:00) — exiting.
[reconcile] Equity $97,811.85 (cash $3,285.56) → /Users/markgarcera/trading/backtester/outputs/live/equity_curve.csv
[reconcile] Checking 8 intended orders from 2026-07-20 …
  sell BIL   intended   181 filled     181  OK  fill $91.56 (+0 bps vs signal price)
  sell GOOGL intended     6 filled       6  OK  fill $352.07 (-4 bps vs signal price)
  buy  AMD   intended     7 filled       7  OK  fill $506.84 (-9 bps vs signal price)
  buy  AVGO  intended     1 filled       1  OK  fill $378.65 (-6 bps vs signal price)
  buy  INTC  intended    33 filled      33  OK  fill $97.34 (-10 bps vs signal price)
  buy  NVDA  intended    13 filled      13  OK  fill $202.68 (-4 bps vs signal price)
  buy  QCOM  intended    20 filled      20  OK  fill $170.34 (-10 bps vs signal price)
  buy  QQQ   intended     7 filled       7  OK  fill $696.71 (-4 bps vs signal price)
[reconcile] All orders filled as intended.
[rebalance] Paper account equity: $99,532.34
[rebalance] Computing target weights …
[fundamentals] AAPL: loaded from cache
[fundamentals] MSFT: loaded from cache
[fundamentals] GOOGL: loaded from cache
[fundamentals] META: loaded from cache
[fundamentals] NVDA: loaded from cache
[fundamentals] AMD: loaded from cache
[fundamentals] AVGO: loaded from cache
[fundamentals] QCOM: loaded from cache
[fundamentals] ORCL: loaded from cache
[fundamentals] CRM: loaded from cache
[fundamentals] ADBE: loaded from cache
[fundamentals] NFLX: loaded from cache
[fundamentals] AMZN: loaded from cache
[fundamentals] TSLA: loaded from cache
[fundamentals] INTC: loaded from cache
[rebalance] Signals as of 2026-07-21  (gross exposure 0.98)
  SELL    33 INTC  @~$104.94    ($3,463)
  SELL    13 NVDA  @~$207.10    ($2,692)
  SELL     7 QQQ   @~$708.78    ($4,961)
  BUY    138 BIL   @~$91.56     ($12,636)
  → submitted sell 33 INTC
  → submitted sell 13 NVDA
  → submitted sell 7 QQQ
  → submitted buy 138 BIL
[rebalance] Decision log → /Users/markgarcera/trading/backtester/outputs/live/decisions/2026-07-21.json
[rebalance] Market closed (next open 2026-07-22T09:30:00-04:00) — exiting.
[reconcile] Equity $99,578.77 (cash $1,764.60) → /Users/markgarcera/trading/backtester/outputs/live/equity_curve.csv
[reconcile] Checking 4 intended orders from 2026-07-21 …
  sell INTC  intended    33 filled      33  OK  fill $104.95 (+1 bps vs signal price)
  sell NVDA  intended    13 filled      13  OK  fill $207.04 (-3 bps vs signal price)
  sell QQQ   intended     7 filled       7  OK  fill $708.72 (-1 bps vs signal price)
  buy  BIL   intended   138 filled     138  OK  fill $91.57 (+1 bps vs signal price)
[reconcile] All orders filled as intended.
[rebalance] Paper account equity: $100,056.95
[rebalance] Computing target weights …
[signals] EDGAR caches stale — refreshing fundamentals …
[fundamentals] AAPL: 67 filing dates (2009-07-22 → 2026-05-01)
[fundamentals] MSFT: 67 filing dates (2009-10-23 → 2026-04-29)
[fundamentals] GOOGL: 43 filing dates (2015-10-29 → 2026-04-30)
[fundamentals] META: 56 filing dates (2012-07-31 → 2026-04-30)
[fundamentals] NVDA: 68 filing dates (2009-08-20 → 2026-05-20)
[fundamentals] AMD: 54 filing dates (2013-02-21 → 2026-05-06)
[fundamentals] AVGO: 7 filing dates (2018-06-14 → 2024-12-20)
[fundamentals] QCOM: 64 filing dates (2009-12-22 → 2026-04-29)
[fundamentals] ORCL: 58 filing dates (2010-07-01 → 2026-06-22)
[fundamentals] CRM: 55 filing dates (2009-08-25 → 2026-05-28)
[fundamentals] ADBE: 69 filing dates (2009-06-26 → 2026-06-15)
[fundamentals] NFLX: 69 filing dates (2009-07-31 → 2026-07-17)
[fundamentals] AMZN: 68 filing dates (2009-07-24 → 2026-04-30)
[fundamentals] TSLA: 60 filing dates (2011-08-12 → 2026-04-23)
[fundamentals] INTC: 68 filing dates (2009-08-03 → 2026-04-24)
[rebalance] Signals as of 2026-07-22  (gross exposure 0.98)
  SELL     6 AMD   @~$556.52    ($3,339)
  SELL    55 BIL   @~$91.58     ($5,037)
  BUY     11 GOOGL @~$345.48    ($3,800)
  BUY      4 META  @~$626.96    ($2,508)
  → submitted sell 6 AMD
  → submitted sell 55 BIL
  → submitted buy 11 GOOGL
  → submitted buy 4 META
[rebalance] Decision log → /Users/markgarcera/trading/backtester/outputs/live/decisions/2026-07-22.json
[rebalance] Market closed (next open 2026-07-23T09:30:00-04:00) — exiting.
[reconcile] Equity $99,310.76 (cash $3,831.04) → /Users/markgarcera/trading/backtester/outputs/live/equity_curve.csv
[reconcile] Checking 4 intended orders from 2026-07-22 …
  sell AMD   intended     6 filled       6  OK  fill $556.16 (-6 bps vs signal price)
  sell BIL   intended    55 filled      55  OK  fill $91.57 (-1 bps vs signal price)
  buy  GOOGL intended    11 filled      11  OK  fill $345.31 (-5 bps vs signal price)
  buy  META  intended     4 filled       4  OK  fill $627.11 (+2 bps vs signal price)
[reconcile] All orders filled as intended.
[rebalance] Paper account equity: $98,053.26
[rebalance] Computing target weights …
[fundamentals] AAPL: loaded from cache
[fundamentals] MSFT: loaded from cache
[fundamentals] GOOGL: loaded from cache
[fundamentals] META: loaded from cache
[fundamentals] NVDA: loaded from cache
[fundamentals] AMD: loaded from cache
[fundamentals] AVGO: loaded from cache
[fundamentals] QCOM: loaded from cache
[fundamentals] ORCL: loaded from cache
[fundamentals] CRM: loaded from cache
[fundamentals] ADBE: loaded from cache
[fundamentals] NFLX: loaded from cache
[fundamentals] AMZN: loaded from cache
[fundamentals] TSLA: loaded from cache
[fundamentals] INTC: loaded from cache
[rebalance] Signals as of 2026-07-23  (gross exposure 0.98)
  SELL    15 QCOM  @~$169.89    ($2,548)
  BUY     34 BIL   @~$91.58     ($3,114)
  → submitted sell 15 QCOM
  → submitted buy 34 BIL
[rebalance] Decision log → /Users/markgarcera/trading/backtester/outputs/live/decisions/2026-07-23.json
[rebalance] Market closed (next open 2026-07-24T09:30:00-04:00) — exiting.
[reconcile] Equity $98,511.32 (cash $3,266.98) → /Users/markgarcera/trading/backtester/outputs/live/equity_curve.csv
[reconcile] Checking 2 intended orders from 2026-07-23 …
  sell QCOM  intended    15 filled      15  OK  fill $170.00 (+6 bps vs signal price)
  buy  BIL   intended    34 filled      34  OK  fill $91.59 (+1 bps vs signal price)
[reconcile] All orders filled as intended.
[rebalance] Paper account equity: $97,165.08
[rebalance] Computing target weights …
[fundamentals] AAPL: loaded from cache
[fundamentals] MSFT: loaded from cache
[fundamentals] GOOGL: loaded from cache
[fundamentals] META: loaded from cache
[fundamentals] NVDA: loaded from cache
[fundamentals] AMD: loaded from cache
[fundamentals] AVGO: loaded from cache
[fundamentals] QCOM: loaded from cache
[fundamentals] ORCL: loaded from cache
[fundamentals] CRM: loaded from cache
[fundamentals] ADBE: loaded from cache
[fundamentals] NFLX: loaded from cache
[fundamentals] AMZN: loaded from cache
[fundamentals] TSLA: loaded from cache
[fundamentals] INTC: loaded from cache
[rebalance] Signals as of 2026-07-24  (gross exposure 0.98)
  SELL   127 BIL   @~$91.60     ($11,634)
  SELL     8 GOOGL @~$319.61    ($2,557)
  SELL     4 META  @~$600.62    ($2,402)
  BUY      5 AMD   @~$520.21    ($2,601)
  BUY      7 AVGO  @~$379.54    ($2,657)
  BUY     37 INTC  @~$92.28     ($3,414)
  BUY     13 NVDA  @~$205.16    ($2,667)
  BUY      8 QQQ   @~$682.87    ($5,463)
  → submitted sell 127 BIL
  → submitted sell 8 GOOGL
  → submitted sell 4 META
  → submitted buy 5 AMD
  → submitted buy 7 AVGO
  → submitted buy 37 INTC
  → submitted buy 13 NVDA
  → submitted buy 8 QQQ
[rebalance] Decision log → /Users/markgarcera/trading/backtester/outputs/live/decisions/2026-07-24.json
[rebalance] Market closed (next open 2026-07-27T09:30:00-04:00) — exiting.
[reconcile] Equity $97,211.61 (cash $3,053.25) → /Users/markgarcera/trading/backtester/outputs/live/equity_curve.csv
[reconcile] Checking 8 intended orders from 2026-07-24 …
  sell BIL   intended   127 filled     127  OK  fill $91.60 (+0 bps vs signal price)
  sell GOOGL intended     8 filled       8  OK  fill $319.68 (+2 bps vs signal price)
  sell META  intended     4 filled       4  OK  fill $600.32 (-5 bps vs signal price)
  buy  AMD   intended     5 filled       5  OK  fill $520.37 (+3 bps vs signal price)
  buy  AVGO  intended     7 filled       7  OK  fill $379.60 (+2 bps vs signal price)
  buy  INTC  intended    37 filled      37  OK  fill $92.35 (+8 bps vs signal price)
  buy  NVDA  intended    13 filled      13  OK  fill $205.15 (-0 bps vs signal price)
  buy  QQQ   intended     8 filled       8  OK  fill $682.83 (-1 bps vs signal price)
[reconcile] All orders filled as intended.
[rebalance] Paper account equity: $97,099.15
[rebalance] Computing target weights …
[fundamentals] AAPL: loaded from cache
[fundamentals] MSFT: loaded from cache
[fundamentals] GOOGL: loaded from cache
[fundamentals] META: loaded from cache
[fundamentals] NVDA: loaded from cache
[fundamentals] AMD: loaded from cache
[fundamentals] AVGO: loaded from cache
[fundamentals] QCOM: loaded from cache
[fundamentals] ORCL: loaded from cache
[fundamentals] CRM: loaded from cache
[fundamentals] ADBE: loaded from cache
[fundamentals] NFLX: loaded from cache
[fundamentals] AMZN: loaded from cache
[fundamentals] TSLA: loaded from cache
[fundamentals] INTC: loaded from cache
[rebalance] Signals as of 2026-07-27  (gross exposure 0.98)
  SELL     4 AMD   @~$493.80    ($1,975)
  SELL     6 AVGO  @~$383.86    ($2,303)
  SELL    13 NVDA  @~$197.94    ($2,573)
  SELL     8 QQQ   @~$682.87    ($5,463)
  BUY    127 BIL   @~$91.62     ($11,636)
  → submitted sell 4 AMD
  → submitted sell 6 AVGO
  → submitted sell 13 NVDA
  → submitted sell 8 QQQ
  → submitted buy 127 BIL
[rebalance] Decision log → /Users/markgarcera/trading/backtester/outputs/live/decisions/2026-07-27.json
[rebalance] Market closed (next open 2026-07-28T09:30:00-04:00) — exiting.
[reconcile] Equity $96,824.39 (cash $3,716.51) → /Users/markgarcera/trading/backtester/outputs/live/equity_curve.csv
[reconcile] Checking 5 intended orders from 2026-07-27 …
  sell AMD   intended     4 filled       4  OK  fill $492.68 (-23 bps vs signal price)
  sell AVGO  intended     6 filled       6  OK  fill $383.47 (-10 bps vs signal price)
  sell NVDA  intended    13 filled      13  OK  fill $197.55 (-20 bps vs signal price)
  sell QQQ   intended     8 filled       8  OK  fill $682.42 (-7 bps vs signal price)
  buy  BIL   intended   127 filled     127  OK  fill $91.62 (+0 bps vs signal price)
[reconcile] All orders filled as intended.
[rebalance] Paper account equity: $96,260.73
[rebalance] Computing target weights …
[fundamentals] AAPL: loaded from cache
[fundamentals] MSFT: loaded from cache
[fundamentals] GOOGL: loaded from cache
[fundamentals] META: loaded from cache
[fundamentals] NVDA: loaded from cache
[fundamentals] AMD: loaded from cache
[fundamentals] AVGO: loaded from cache
[fundamentals] QCOM: loaded from cache
[fundamentals] ORCL: loaded from cache
[fundamentals] CRM: loaded from cache
[fundamentals] ADBE: loaded from cache
[fundamentals] NFLX: loaded from cache
[fundamentals] AMZN: loaded from cache
[fundamentals] TSLA: loaded from cache
[fundamentals] INTC: loaded from cache
[rebalance] Signals as of 2026-07-28  (gross exposure 0.98)
  SELL    24 INTC  @~$87.80     ($2,107)
  → submitted sell 24 INTC
[rebalance] Decision log → /Users/markgarcera/trading/backtester/outputs/live/decisions/2026-07-28.json
[rebalance] Market closed (next open 2026-07-29T09:30:00-04:00) — exiting.
[reconcile] Equity $95,594.18 (cash $5,823.58) → /Users/markgarcera/trading/backtester/outputs/live/equity_curve.csv
[reconcile] Checking 1 intended orders from 2026-07-28 …
  sell INTC  intended    24 filled      24  OK  fill $87.80 (-1 bps vs signal price)
[reconcile] All orders filled as intended.
[rebalance] Paper account equity: $95,695.93
[rebalance] Computing target weights …
[fundamentals] AAPL: loaded from cache
[fundamentals] MSFT: loaded from cache
[fundamentals] GOOGL: loaded from cache
[fundamentals] META: loaded from cache
[fundamentals] NVDA: loaded from cache
[fundamentals] AMD: loaded from cache
[fundamentals] AVGO: loaded from cache
[fundamentals] QCOM: loaded from cache
[fundamentals] ORCL: loaded from cache
[fundamentals] CRM: loaded from cache
[fundamentals] ADBE: loaded from cache
[fundamentals] NFLX: loaded from cache
[fundamentals] AMZN: loaded from cache
[fundamentals] TSLA: loaded from cache
[fundamentals] INTC: loaded from cache
[rebalance] Signals as of 2026-07-29  (gross exposure 0.98)
  SELL    27 BIL   @~$91.64     ($2,474)
  BUY     13 NVDA  @~$193.15    ($2,511)
  → submitted sell 27 BIL
  → submitted buy 13 NVDA
[rebalance] Decision log → /Users/markgarcera/trading/backtester/outputs/live/decisions/2026-07-29.json
[rebalance] Market closed (next open 2026-07-30T09:30:00-04:00) — exiting.
[reconcile] Equity $94,478.38 (cash $5,786.41) → /Users/markgarcera/trading/backtester/outputs/live/equity_curve.csv
[reconcile] Checking 2 intended orders from 2026-07-29 …
  sell BIL   intended    27 filled      27  OK  fill $91.63 (-1 bps vs signal price)
  buy  NVDA  intended    13 filled      13  OK  fill $193.17 (+1 bps vs signal price)
[reconcile] All orders filled as intended.
Traceback (most recent call last):
  File "<frozen runpy>", line 198, in _run_module_as_main
  File "<frozen runpy>", line 88, in _run_code
  File "/Users/markgarcera/trading/backtester/live/rebalance.py", line 199, in <module>
    main()
  File "/Users/markgarcera/trading/backtester/live/rebalance.py", line 189, in main
    with open(path, "w") as f:
         ^^^^^^^^^^^^^^^
OSError: [Errno 28] No space left on device: '/Users/markgarcera/trading/backtester/outputs/live/decisions/2026-07-30.json'
[reconcile] Equity $96,347.51 (cash $2,951.39) → /Users/markgarcera/trading/backtester/outputs/live/equity_curve.csv
[reconcile] Checking 2 intended orders from 2026-07-29 …
  sell BIL   intended    27 filled      27  OK  fill $91.63 (-1 bps vs signal price)
  buy  NVDA  intended    13 filled      13  OK  fill $193.17 (+1 bps vs signal price)
[reconcile] All orders filled as intended.
[rebalance] Paper account equity: $96,741.60
[rebalance] Computing target weights …
[fundamentals] AAPL: loaded from cache
[fundamentals] MSFT: loaded from cache
[fundamentals] GOOGL: loaded from cache
[fundamentals] META: loaded from cache
[fundamentals] NVDA: loaded from cache
[fundamentals] AMD: loaded from cache
[fundamentals] AVGO: loaded from cache
[fundamentals] QCOM: EDGAR fetch failed (Expecting value: line 1 column 4664521 (char 4664520)) — neutral scores
[fundamentals] ORCL: 58 filing dates (2010-07-01 → 2026-06-22)
[fundamentals] CRM: 55 filing dates (2009-08-25 → 2026-05-28)
[fundamentals] ADBE: 69 filing dates (2009-06-26 → 2026-06-15)
[fundamentals] NFLX: 69 filing dates (2009-07-31 → 2026-07-17)
[fundamentals] AMZN: 69 filing dates (2009-07-24 → 2026-07-31)
[fundamentals] TSLA: 61 filing dates (2011-08-12 → 2026-07-23)
[fundamentals] INTC: 69 filing dates (2009-08-03 → 2026-07-24)
[rebalance] Signals as of 2026-07-31  (gross exposure 0.98)
  SELL    46 NVDA  @~$200.25    ($9,212)
  BUY      7 AMD   @~$485.63    ($3,399)
  BUY     26 BIL   @~$91.68     ($2,384)
  BUY     33 INTC  @~$92.65     ($3,057)
  → submitted sell 46 NVDA
  → submitted buy 7 AMD
  → submitted buy 26 BIL
  → submitted buy 33 INTC
[rebalance] Decision log → /Users/markgarcera/trading/backtester/outputs/live/decisions/2026-07-31.json
[rebalance] Market closed (next open 2026-08-03T09:30:00-04:00) — exiting.
[reconcile] Equity $96,202.26 (cash $3,323.38) → /Users/markgarcera/trading/backtester/outputs/live/equity_curve.csv
[reconcile] Checking 4 intended orders from 2026-07-31 …
  sell NVDA  intended    46 filled      46  OK  fill $200.27 (+1 bps vs signal price)
  buy  AMD   intended     7 filled       7  OK  fill $485.96 (+7 bps vs signal price)
  buy  BIL   intended    26 filled      26  OK  fill $91.68 (+0 bps vs signal price)
  buy  INTC  intended    33 filled      33  OK  fill $92.58 (-8 bps vs signal price)
[reconcile] All orders filled as intended.
[rebalance] Paper account equity: $97,167.37
[rebalance] Computing target weights …
[fundamentals] AAPL: loaded from cache
[fundamentals] MSFT: loaded from cache
[fundamentals] GOOGL: loaded from cache
[fundamentals] META: loaded from cache
[fundamentals] NVDA: loaded from cache
[fundamentals] AMD: loaded from cache
[fundamentals] AVGO: loaded from cache
[fundamentals] QCOM: EDGAR fetch failed (Expecting value: line 1 column 4664521 (char 4664520)) — neutral scores
[fundamentals] ORCL: loaded from cache
[fundamentals] CRM: loaded from cache
[fundamentals] ADBE: loaded from cache
[fundamentals] NFLX: loaded from cache
[fundamentals] AMZN: loaded from cache
[fundamentals] TSLA: loaded from cache
[fundamentals] INTC: loaded from cache
[rebalance] Signals as of 2026-08-03  (gross exposure 0.98)
  SELL     4 AMD   @~$484.96    ($1,940)
  SELL    13 GOOGL @~$374.62    ($4,870)
  SELL    24 INTC  @~$90.75     ($2,178)
  BUY     15 AAPL  @~$305.01    ($4,575)
  BUY     42 BIL   @~$91.41     ($3,839)
  → submitted sell 4 AMD
  → submitted sell 13 GOOGL
  → submitted sell 24 INTC
  → submitted buy 15 AAPL
  → submitted buy 42 BIL
[rebalance] Decision log → /Users/markgarcera/trading/backtester/outputs/live/decisions/2026-08-03.json
[rebalance] Market closed (next open 2026-08-04T09:30:00-04:00) — exiting.
[reconcile] Equity $97,261.15 (cash $3,891.97) → /Users/markgarcera/trading/backtester/outputs/live/equity_curve.csv
[reconcile] Checking 5 intended orders from 2026-08-03 …
  sell AMD   intended     4 filled       4  OK  fill $484.80 (-3 bps vs signal price)
  sell GOOGL intended    13 filled      13  OK  fill $374.40 (-6 bps vs signal price)
  sell INTC  intended    24 filled      24  OK  fill $90.70 (-6 bps vs signal price)
  buy  AAPL  intended    15 filled      15  OK  fill $304.99 (-1 bps vs signal price)
  buy  BIL   intended    42 filled      42  OK  fill $91.42 (+1 bps vs signal price)
[reconcile] All orders filled as intended.
[rebalance] Paper account equity: $99,362.89
[rebalance] Computing target weights …
[fundamentals] AAPL: loaded from cache
[fundamentals] MSFT: loaded from cache
[fundamentals] GOOGL: loaded from cache
[fundamentals] META: loaded from cache
[fundamentals] NVDA: loaded from cache
[fundamentals] AMD: loaded from cache
[fundamentals] AVGO: loaded from cache
[fundamentals] QCOM: EDGAR fetch failed (Expecting value: line 1 column 4664521 (char 4664520)) — neutral scores
[fundamentals] ORCL: loaded from cache
[fundamentals] CRM: loaded from cache
[fundamentals] ADBE: loaded from cache
[fundamentals] NFLX: loaded from cache
[fundamentals] AMZN: loaded from cache
[fundamentals] TSLA: loaded from cache
[fundamentals] INTC: loaded from cache
[rebalance] Signals as of 2026-08-04  (gross exposure 0.98)
  BUY     66 BIL   @~$91.42     ($6,034)
  → submitted buy 66 BIL
[rebalance] Decision log → /Users/markgarcera/trading/backtester/outputs/live/decisions/2026-08-04.json
[rebalance] Market closed (next open 2026-08-05T09:30:00-04:00) — exiting.
[reconcile] Equity $98,146.58 (cash $-2,142.43) → /Users/markgarcera/trading/backtester/outputs/live/equity_curve.csv
[reconcile] Checking 1 intended orders from 2026-08-04 …
  buy  BIL   intended    66 filled      66  OK  fill $91.43 (+1 bps vs signal price)
[reconcile] All orders filled as intended.
[rebalance] Paper account equity: $98,395.17
[rebalance] Computing target weights …
[fundamentals] AAPL: loaded from cache
[fundamentals] MSFT: loaded from cache
[fundamentals] GOOGL: loaded from cache
[fundamentals] META: loaded from cache
[fundamentals] NVDA: loaded from cache
[fundamentals] AMD: loaded from cache
[fundamentals] AVGO: loaded from cache
[fundamentals] QCOM: EDGAR fetch failed (Expecting value: line 1 column 4664521 (char 4664520)) — neutral scores
[fundamentals] ORCL: loaded from cache
[fundamentals] CRM: loaded from cache
[fundamentals] ADBE: loaded from cache
[fundamentals] NFLX: loaded from cache
[fundamentals] AMZN: loaded from cache
[fundamentals] TSLA: loaded from cache
[fundamentals] INTC: loaded from cache
[rebalance] Signals as of 2026-08-05  (gross exposure 0.98)
  SELL    44 BIL   @~$91.43     ($4,023)
  BUY     10 AMZN  @~$271.46    ($2,715)
  → submitted sell 44 BIL
  → submitted buy 10 AMZN
[rebalance] Decision log → /Users/markgarcera/trading/backtester/outputs/live/decisions/2026-08-05.json
[rebalance] Market closed (next open 2026-08-06T09:30:00-04:00) — exiting.
[reconcile] Equity $98,401.34 (cash $-834.72) → /Users/markgarcera/trading/backtester/outputs/live/equity_curve.csv
[reconcile] Checking 2 intended orders from 2026-08-05 …
  sell BIL   intended    44 filled      44  OK  fill $91.43 (+0 bps vs signal price)
  buy  AMZN  intended    10 filled      10  OK  fill $271.52 (+2 bps vs signal price)
[reconcile] All orders filled as intended.
[rebalance] Paper account equity: $98,314.52
[rebalance] Computing target weights …
[fundamentals] AAPL: loaded from cache
[fundamentals] MSFT: loaded from cache
[fundamentals] GOOGL: loaded from cache
[fundamentals] META: loaded from cache
[fundamentals] NVDA: loaded from cache
[fundamentals] AMD: loaded from cache
[fundamentals] AVGO: loaded from cache
[fundamentals] QCOM: EDGAR fetch failed (Expecting value: line 1 column 4664521 (char 4664520)) — neutral scores
[fundamentals] ORCL: loaded from cache
[fundamentals] CRM: loaded from cache
[fundamentals] ADBE: loaded from cache
[fundamentals] NFLX: loaded from cache
[fundamentals] AMZN: loaded from cache
[fundamentals] TSLA: loaded from cache
[fundamentals] INTC: loaded from cache
[rebalance] Signals as of 2026-08-06  (gross exposure 0.98)
  SELL    59 BIL   @~$91.45     ($5,396)
  BUY      6 QQQ   @~$714.92    ($4,290)
  → submitted sell 59 BIL
  → submitted buy 6 QQQ
[rebalance] Decision log → /Users/markgarcera/trading/backtester/outputs/live/decisions/2026-08-06.json
[rebalance] Market closed (next open 2026-08-07T09:30:00-04:00) — exiting.
[reconcile] Equity $98,341.74 (cash $269.95) → /Users/markgarcera/trading/backtester/outputs/live/equity_curve.csv
[reconcile] Checking 2 intended orders from 2026-08-06 …
  sell BIL   intended    59 filled      59  OK  fill $91.44 (-1 bps vs signal price)
  buy  QQQ   intended     6 filled       6  OK  fill $715.03 (+2 bps vs signal price)
[reconcile] All orders filled as intended.
[rebalance] Paper account equity: $98,331.14
[rebalance] Computing target weights …
[signals] EDGAR caches stale — refreshing fundamentals …
[fundamentals] AAPL: 68 filing dates (2009-07-22 → 2026-07-31)
[fundamentals] MSFT: 68 filing dates (2009-10-23 → 2026-07-29)
[fundamentals] GOOGL: 44 filing dates (2015-10-29 → 2026-07-23)
[fundamentals] META: 56 filing dates (2012-07-31 → 2026-04-30)
[fundamentals] NVDA: 68 filing dates (2009-08-20 → 2026-05-20)
[fundamentals] AMD: 55 filing dates (2013-02-21 → 2026-08-05)
[fundamentals] AVGO: 7 filing dates (2018-06-14 → 2024-12-20)
[fundamentals] QCOM: 65 filing dates (2009-12-22 → 2026-07-29)
[fundamentals] ORCL: 58 filing dates (2010-07-01 → 2026-06-22)
[fundamentals] CRM: 55 filing dates (2009-08-25 → 2026-05-28)
[fundamentals] ADBE: 69 filing dates (2009-06-26 → 2026-06-15)
[fundamentals] NFLX: 69 filing dates (2009-07-31 → 2026-07-17)
[fundamentals] AMZN: 69 filing dates (2009-07-24 → 2026-07-31)
[fundamentals] TSLA: 61 filing dates (2011-08-12 → 2026-07-23)
[fundamentals] INTC: 69 filing dates (2009-08-03 → 2026-07-24)
[rebalance] Signals as of 2026-08-07  (gross exposure 0.98)
  SELL    29 AAPL  @~$313.22    ($9,083)
  SELL    10 AMZN  @~$274.61    ($2,746)
  SELL     5 AVGO  @~$426.14    ($2,131)
  SELL     7 GOOGL @~$355.01    ($2,485)
  SELL    16 INTC  @~$101.36    ($1,622)
  SELL     6 QQQ   @~$722.11    ($4,333)
  BUY    170 BIL   @~$91.47     ($15,551)
  BUY     33 QCOM  @~$167.14    ($5,516)
  → submitted sell 29 AAPL
  → submitted sell 10 AMZN
  → submitted sell 5 AVGO
  → submitted sell 7 GOOGL
  → submitted sell 16 INTC
  → submitted sell 6 QQQ
  → submitted buy 170 BIL
  → submitted buy 33 QCOM
[rebalance] Decision log → /Users/markgarcera/trading/backtester/outputs/live/decisions/2026-08-07.json
[rebalance] Market closed (next open 2026-08-10T09:30:00-04:00) — exiting.
[reconcile] Equity $98,398.54 (cash $1,609.04) → /Users/markgarcera/trading/backtester/outputs/live/equity_curve.csv
[reconcile] Checking 8 intended orders from 2026-08-07 …
  sell AAPL  intended    29 filled      29  OK  fill $313.31 (+3 bps vs signal price)
  sell AMZN  intended    10 filled      10  OK  fill $274.67 (+2 bps vs signal price)
  sell AVGO  intended     5 filled       5  OK  fill $426.43 (+7 bps vs signal price)
  sell GOOGL intended     7 filled       7  OK  fill $355.00 (-0 bps vs signal price)
  sell INTC  intended    16 filled      16  OK  fill $101.49 (+13 bps vs signal price)
  sell QQQ   intended     6 filled       6  OK  fill $722.30 (+3 bps vs signal price)
  buy  BIL   intended   170 filled     170  OK  fill $91.48 (+1 bps vs signal price)
  buy  QCOM  intended    33 filled      33  OK  fill $167.17 (+2 bps vs signal price)
[reconcile] All orders filled as intended.
[rebalance] Paper account equity: $97,971.11
[rebalance] Computing target weights …
[fundamentals] AAPL: loaded from cache
[fundamentals] MSFT: loaded from cache
[fundamentals] GOOGL: loaded from cache
[fundamentals] META: loaded from cache
[fundamentals] NVDA: loaded from cache
[fundamentals] AMD: loaded from cache
[fundamentals] AVGO: loaded from cache
[fundamentals] QCOM: loaded from cache
[fundamentals] ORCL: loaded from cache
[fundamentals] CRM: loaded from cache
[fundamentals] ADBE: loaded from cache
[fundamentals] NFLX: loaded from cache
[fundamentals] AMZN: loaded from cache
[fundamentals] TSLA: loaded from cache
[fundamentals] INTC: loaded from cache
[rebalance] Signals as of 2026-08-10  (gross exposure 0.98)
[rebalance] Portfolio already within tolerance — no trades.
[rebalance] Decision log → /Users/markgarcera/trading/backtester/outputs/live/decisions/2026-08-10.json
[rebalance] Market closed (next open 2026-08-11T09:30:00-04:00) — exiting.
[reconcile] Equity $97,749.58 (cash $1,608.54) → /Users/markgarcera/trading/backtester/outputs/live/equity_curve.csv
[reconcile] Checking 0 intended orders from 2026-08-10 …
[reconcile] All orders filled as intended.
[rebalance] Paper account equity: $97,481.52
[rebalance] Computing target weights …
[fundamentals] AAPL: loaded from cache
[fundamentals] MSFT: loaded from cache
[fundamentals] GOOGL: loaded from cache
[fundamentals] META: loaded from cache
[fundamentals] NVDA: loaded from cache
[fundamentals] AMD: loaded from cache
[fundamentals] AVGO: loaded from cache
[fundamentals] QCOM: loaded from cache
[fundamentals] ORCL: loaded from cache
[fundamentals] CRM: loaded from cache
[fundamentals] ADBE: loaded from cache
[fundamentals] NFLX: loaded from cache
[fundamentals] AMZN: loaded from cache
[fundamentals] TSLA: loaded from cache
[fundamentals] INTC: loaded from cache
[rebalance] Signals as of 2026-08-11  (gross exposure 0.98)
  SELL    75 BIL   @~$91.49     ($6,862)
  BUY      7 AVGO  @~$414.26    ($2,900)
  BUY      9 GOOGL @~$344.43    ($3,100)
  → submitted sell 75 BIL
  → submitted buy 7 AVGO
  → submitted buy 9 GOOGL
[rebalance] Decision log → /Users/markgarcera/trading/backtester/outputs/live/decisions/2026-08-11.json
[rebalance] Market closed (next open 2026-08-12T09:30:00-04:00) — exiting.
[reconcile] Equity $97,571.50 (cash $2,468.76) → /Users/markgarcera/trading/backtester/outputs/live/equity_curve.csv
[reconcile] Checking 3 intended orders from 2026-08-11 …
  sell BIL   intended    75 filled      75  OK  fill $91.48 (-1 bps vs signal price)
  buy  AVGO  intended     7 filled       7  OK  fill $414.12 (-3 bps vs signal price)
  buy  GOOGL intended     9 filled       9  OK  fill $344.66 (+7 bps vs signal price)
[reconcile] All orders filled as intended.
[rebalance] Paper account equity: $97,912.97
[rebalance] Computing target weights …
[fundamentals] AAPL: loaded from cache
[fundamentals] MSFT: loaded from cache
[fundamentals] GOOGL: loaded from cache
[fundamentals] META: loaded from cache
[fundamentals] NVDA: loaded from cache
[fundamentals] AMD: loaded from cache
[fundamentals] AVGO: loaded from cache
[fundamentals] QCOM: loaded from cache
[fundamentals] ORCL: loaded from cache
[fundamentals] CRM: loaded from cache
[fundamentals] ADBE: loaded from cache
[fundamentals] NFLX: loaded from cache
[fundamentals] AMZN: loaded from cache
[fundamentals] TSLA: loaded from cache
[fundamentals] INTC: loaded from cache
[rebalance] Signals as of 2026-08-12  (gross exposure 0.98)
[rebalance] Portfolio already within tolerance — no trades.
[rebalance] Decision log → /Users/markgarcera/trading/backtester/outputs/live/decisions/2026-08-12.json
[rebalance] Market closed (next open 2026-08-13T09:30:00-04:00) — exiting.
[reconcile] Equity $97,776.09 (cash $2,468.58) → /Users/markgarcera/trading/backtester/outputs/live/equity_curve.csv
[reconcile] Checking 0 intended orders from 2026-08-12 …
[reconcile] All orders filled as intended.
[rebalance] Paper account equity: $98,302.93
[rebalance] Computing target weights …
[fundamentals] AAPL: loaded from cache
[fundamentals] MSFT: loaded from cache
[fundamentals] GOOGL: loaded from cache
[fundamentals] META: loaded from cache
[fundamentals] NVDA: loaded from cache
[fundamentals] AMD: loaded from cache
[fundamentals] AVGO: loaded from cache
[fundamentals] QCOM: loaded from cache
[fundamentals] ORCL: loaded from cache
[fundamentals] CRM: loaded from cache
[fundamentals] ADBE: loaded from cache
[fundamentals] NFLX: loaded from cache
[fundamentals] AMZN: loaded from cache
[fundamentals] TSLA: loaded from cache
[fundamentals] INTC: loaded from cache
[rebalance] Signals as of 2026-08-13  (gross exposure 0.98)
  SELL     5 AVGO  @~$420.00    ($2,100)
  SELL    55 BIL   @~$91.50     ($5,033)
  BUY     10 AMZN  @~$265.92    ($2,659)
  BUY      5 MSFT  @~$497.47    ($2,487)
  → submitted sell 5 AVGO
  → submitted sell 55 BIL
  → submitted buy 10 AMZN
  → submitted buy 5 MSFT
[rebalance] Decision log → /Users/markgarcera/trading/backtester/outputs/live/decisions/2026-08-13.json
[rebalance] Market closed (next open 2026-08-14T09:30:00-04:00) — exiting.
[reconcile] Equity $98,347.38 (cash $4,450.83) → /Users/markgarcera/trading/backtester/outputs/live/equity_curve.csv
[reconcile] Checking 4 intended orders from 2026-08-13 …
  sell AVGO  intended     5 filled       5  OK  fill $419.68 (-8 bps vs signal price)
  sell BIL   intended    55 filled      55  OK  fill $91.50 (+0 bps vs signal price)
  buy  AMZN  intended    10 filled      10  OK  fill $265.97 (+2 bps vs signal price)
  buy  MSFT  intended     5 filled       5  OK  fill $497.79 (+6 bps vs signal price)
[reconcile] All orders filled as intended.
[rebalance] Paper account equity: $98,207.65
[rebalance] Computing target weights …
[fundamentals] AAPL: loaded from cache
[fundamentals] MSFT: loaded from cache
[fundamentals] GOOGL: loaded from cache
[fundamentals] META: loaded from cache
[fundamentals] NVDA: loaded from cache
[fundamentals] AMD: loaded from cache
[fundamentals] AVGO: loaded from cache
[fundamentals] QCOM: loaded from cache
[fundamentals] ORCL: loaded from cache
[fundamentals] CRM: loaded from cache
[fundamentals] ADBE: loaded from cache
[fundamentals] NFLX: loaded from cache
[fundamentals] AMZN: loaded from cache
[fundamentals] TSLA: loaded from cache
[fundamentals] INTC: loaded from cache
[rebalance] Signals as of 2026-08-14  (gross exposure 0.98)
  SELL     6 GOOGL @~$345.51    ($2,073)
  BUY     27 BIL   @~$91.53     ($2,471)
  → submitted sell 6 GOOGL
  → submitted buy 27 BIL
[rebalance] Decision log → /Users/markgarcera/trading/backtester/outputs/live/decisions/2026-08-14.json
[rebalance] Market closed (next open 2026-08-17T09:30:00-04:00) — exiting.
[reconcile] Equity $98,380.70 (cash $4,052.31) → /Users/markgarcera/trading/backtester/outputs/live/equity_curve.csv
[reconcile] Checking 2 intended orders from 2026-08-14 …
  sell GOOGL intended     6 filled       6  OK  fill $345.54 (+1 bps vs signal price)
  buy  BIL   intended    27 filled      27  OK  fill $91.54 (+1 bps vs signal price)
[reconcile] All orders filled as intended.
[rebalance] Paper account equity: $97,972.80
[rebalance] Computing target weights …
[signals] EDGAR caches stale — refreshing fundamentals …
[fundamentals] AAPL: 68 filing dates (2009-07-22 → 2026-07-31)
[fundamentals] MSFT: 68 filing dates (2009-10-23 → 2026-07-29)
[fundamentals] GOOGL: 44 filing dates (2015-10-29 → 2026-07-23)
[fundamentals] META: 57 filing dates (2012-07-31 → 2026-07-30)
[fundamentals] NVDA: 68 filing dates (2009-08-20 → 2026-05-20)
[fundamentals] AMD: 55 filing dates (2013-02-21 → 2026-08-05)
[fundamentals] AVGO: 7 filing dates (2018-06-14 → 2024-12-20)
[fundamentals] QCOM: 65 filing dates (2009-12-22 → 2026-07-29)
[fundamentals] ORCL: 58 filing dates (2010-07-01 → 2026-06-22)
[fundamentals] CRM: 55 filing dates (2009-08-25 → 2026-05-28)
[fundamentals] ADBE: 69 filing dates (2009-06-26 → 2026-06-15)
[fundamentals] NFLX: 69 filing dates (2009-07-31 → 2026-07-17)
[fundamentals] AMZN: 69 filing dates (2009-07-24 → 2026-07-31)
[fundamentals] TSLA: 61 filing dates (2011-08-12 → 2026-07-23)
[fundamentals] INTC: 69 filing dates (2009-08-03 → 2026-07-24)
[rebalance] Signals as of 2026-08-17  (gross exposure 0.98)
  SELL    10 AMZN  @~$260.32    ($2,603)
  SELL    63 BIL   @~$91.54     ($5,767)
  SELL     5 MSFT  @~$481.34    ($2,407)
  BUY      4 AMD   @~$505.65    ($2,023)
  BUY     31 INTC  @~$103.35    ($3,204)
  BUY      7 QQQ   @~$730.03    ($5,110)
  → submitted sell 10 AMZN
  → submitted sell 63 BIL
  → submitted sell 5 MSFT
  → submitted buy 4 AMD
  → submitted buy 31 INTC
  → submitted buy 7 QQQ
[rebalance] Decision log → /Users/markgarcera/trading/backtester/outputs/live/decisions/2026-08-17.json
[rebalance] Market closed (next open 2026-08-18T09:30:00-04:00) — exiting.
[reconcile] Equity $98,027.00 (cash $4,485.50) → /Users/markgarcera/trading/backtester/outputs/live/equity_curve.csv
[reconcile] Checking 6 intended orders from 2026-08-17 …
  sell AMZN  intended    10 filled      10  OK  fill $260.14 (-7 bps vs signal price)
  sell BIL   intended    63 filled      63  OK  fill $91.54 (+0 bps vs signal price)
  sell MSFT  intended     5 filled       5  OK  fill $481.21 (-3 bps vs signal price)
  buy  AMD   intended     4 filled       4  OK  fill $506.26 (+12 bps vs signal price)
  buy  INTC  intended    31 filled      31  OK  fill $103.39 (+4 bps vs signal price)
  buy  QQQ   intended     7 filled       7  OK  fill $730.15 (+2 bps vs signal price)
[reconcile] All orders filled as intended.
[rebalance] Paper account equity: $96,593.27
[rebalance] Computing target weights …
[fundamentals] AAPL: loaded from cache
[fundamentals] MSFT: loaded from cache
[fundamentals] GOOGL: loaded from cache
[fundamentals] META: loaded from cache
[fundamentals] NVDA: loaded from cache
[fundamentals] AMD: loaded from cache
[fundamentals] AVGO: loaded from cache
[fundamentals] QCOM: loaded from cache
[fundamentals] ORCL: loaded from cache
[fundamentals] CRM: loaded from cache
[fundamentals] ADBE: loaded from cache
[fundamentals] NFLX: loaded from cache
[fundamentals] AMZN: loaded from cache
[fundamentals] TSLA: loaded from cache
[fundamentals] INTC: loaded from cache
[rebalance] Signals as of 2026-08-18  (gross exposure 0.98)
  SELL     5 AMD   @~$481.65    ($2,408)
  SELL     7 QQQ   @~$717.82    ($5,025)
  BUY     45 BIL   @~$91.55     ($4,120)
  BUY     12 NVDA  @~$219.34    ($2,632)
  → submitted sell 5 AMD
  → submitted sell 7 QQQ
  → submitted buy 45 BIL
  → submitted buy 12 NVDA
[rebalance] Decision log → /Users/markgarcera/trading/backtester/outputs/live/decisions/2026-08-18.json
[rebalance] Market closed (next open 2026-08-19T09:30:00-04:00) — exiting.
[reconcile] Equity $96,431.67 (cash $5,165.44) → /Users/markgarcera/trading/backtester/outputs/live/equity_curve.csv
[reconcile] Checking 4 intended orders from 2026-08-18 …
  sell AMD   intended     5 filled       5  OK  fill $481.45 (-4 bps vs signal price)
  sell QQQ   intended     7 filled       7  OK  fill $717.82 (+0 bps vs signal price)
  buy  BIL   intended    45 filled      45  OK  fill $91.56 (+1 bps vs signal price)
  buy  NVDA  intended    12 filled      12  OK  fill $219.30 (-2 bps vs signal price)
[reconcile] All orders filled as intended.
[rebalance] Paper account equity: $96,114.92
[rebalance] Computing target weights …
[fundamentals] AAPL: loaded from cache
[fundamentals] MSFT: loaded from cache
[fundamentals] GOOGL: loaded from cache
[fundamentals] META: loaded from cache
[fundamentals] NVDA: loaded from cache
[fundamentals] AMD: loaded from cache
[fundamentals] AVGO: loaded from cache
[fundamentals] QCOM: loaded from cache
[fundamentals] ORCL: loaded from cache
[fundamentals] CRM: loaded from cache
[fundamentals] ADBE: loaded from cache
[fundamentals] NFLX: loaded from cache
[fundamentals] AMZN: loaded from cache
[fundamentals] TSLA: loaded from cache
[fundamentals] INTC: loaded from cache
[rebalance] Signals as of 2026-08-19  (gross exposure 0.98)
  SELL    20 INTC  @~$93.41     ($1,868)
  BUY     26 BIL   @~$91.56     ($2,381)
  → submitted sell 20 INTC
  → submitted buy 26 BIL
[rebalance] Decision log → /Users/markgarcera/trading/backtester/outputs/live/decisions/2026-08-19.json
[rebalance] Market closed (next open 2026-08-20T09:30:00-04:00) — exiting.
[reconcile] Equity $96,189.74 (cash $4,652.20) → /Users/markgarcera/trading/backtester/outputs/live/equity_curve.csv
[reconcile] Checking 2 intended orders from 2026-08-19 …
  sell INTC  intended    20 filled      20  OK  fill $93.39 (-2 bps vs signal price)
  buy  BIL   intended    26 filled      26  OK  fill $91.57 (+1 bps vs signal price)
[reconcile] All orders filled as intended.
[rebalance] Paper account equity: $95,838.04
[rebalance] Computing target weights …
[fundamentals] AAPL: loaded from cache
[fundamentals] MSFT: loaded from cache
[fundamentals] GOOGL: loaded from cache
[fundamentals] META: loaded from cache
[fundamentals] NVDA: loaded from cache
[fundamentals] AMD: loaded from cache
[fundamentals] AVGO: loaded from cache
[fundamentals] QCOM: loaded from cache
[fundamentals] ORCL: loaded from cache
[fundamentals] CRM: loaded from cache
[fundamentals] ADBE: loaded from cache
[fundamentals] NFLX: loaded from cache
[fundamentals] AMZN: loaded from cache
[fundamentals] TSLA: loaded from cache
[fundamentals] INTC: loaded from cache
[rebalance] Signals as of 2026-08-20  (gross exposure 0.98)
  SELL    21 BIL   @~$91.57     ($1,923)
  SELL    12 NVDA  @~$217.23    ($2,607)
  BUY     10 AAPL  @~$313.88    ($3,139)
  → submitted sell 21 BIL
  → submitted sell 12 NVDA
  → submitted buy 10 AAPL
[rebalance] Decision log → /Users/markgarcera/trading/backtester/outputs/live/decisions/2026-08-20.json
[rebalance] Market closed (next open 2026-08-21T09:30:00-04:00) — exiting.
[reconcile] Equity $95,828.92 (cash $6,043.93) → /Users/markgarcera/trading/backtester/outputs/live/equity_curve.csv
[reconcile] Checking 3 intended orders from 2026-08-20 …
  sell BIL   intended    21 filled      21  OK  fill $91.57 (+0 bps vs signal price)
  sell NVDA  intended    12 filled      12  OK  fill $217.29 (+3 bps vs signal price)
  buy  AAPL  intended    10 filled      10  OK  fill $313.87 (-0 bps vs signal price)
[reconcile] All orders filled as intended.
[rebalance] Paper account equity: $95,850.32
[rebalance] Computing target weights …
[fundamentals] AAPL: loaded from cache
[fundamentals] MSFT: loaded from cache
[fundamentals] GOOGL: loaded from cache
[fundamentals] META: loaded from cache
[fundamentals] NVDA: loaded from cache
[fundamentals] AMD: loaded from cache
[fundamentals] AVGO: loaded from cache
[fundamentals] QCOM: loaded from cache
[fundamentals] ORCL: loaded from cache
[fundamentals] CRM: loaded from cache
[fundamentals] ADBE: loaded from cache
[fundamentals] NFLX: loaded from cache
[fundamentals] AMZN: loaded from cache
[fundamentals] TSLA: loaded from cache
[fundamentals] INTC: loaded from cache
[rebalance] Signals as of 2026-08-21  (gross exposure 0.98)
[rebalance] Portfolio already within tolerance — no trades.
[rebalance] Decision log → /Users/markgarcera/trading/backtester/outputs/live/decisions/2026-08-21.json
[rebalance] Market closed (next open 2026-08-24T09:30:00-04:00) — exiting.
[reconcile] Equity $95,854.01 (cash $6,043.81) → /Users/markgarcera/trading/backtester/outputs/live/equity_curve.csv
[reconcile] Checking 0 intended orders from 2026-08-21 …
[reconcile] All orders filled as intended.
[rebalance] Paper account equity: $95,386.24
[rebalance] Computing target weights …
[fundamentals] AAPL: loaded from cache
[fundamentals] MSFT: loaded from cache
[fundamentals] GOOGL: loaded from cache
[fundamentals] META: loaded from cache
[fundamentals] NVDA: loaded from cache
[fundamentals] AMD: loaded from cache
[fundamentals] AVGO: loaded from cache
[fundamentals] QCOM: loaded from cache
[fundamentals] ORCL: loaded from cache
[fundamentals] CRM: loaded from cache
[fundamentals] ADBE: loaded from cache
[fundamentals] NFLX: loaded from cache
[fundamentals] AMZN: loaded from cache
[fundamentals] TSLA: loaded from cache
[fundamentals] INTC: loaded from cache
[rebalance] Signals as of 2026-08-24  (gross exposure 0.98)
  SELL    40 BIL   @~$91.61     ($3,664)
  BUY     12 NVDA  @~$209.50    ($2,514)
  → submitted sell 40 BIL
  → submitted buy 12 NVDA
[rebalance] Decision log → /Users/markgarcera/trading/backtester/outputs/live/decisions/2026-08-24.json
[rebalance] Market closed (next open 2026-08-25T09:30:00-04:00) — exiting.
[reconcile] Equity $95,279.45 (cash $7,194.17) → /Users/markgarcera/trading/backtester/outputs/live/equity_curve.csv
[reconcile] Checking 2 intended orders from 2026-08-24 …
  sell BIL   intended    40 filled      40  OK  fill $91.60 (-1 bps vs signal price)
  buy  NVDA  intended    12 filled      12  OK  fill $209.47 (-1 bps vs signal price)
[reconcile] All orders filled as intended.
[rebalance] Paper account equity: $95,665.69
[rebalance] Computing target weights …
[signals] EDGAR caches stale — refreshing fundamentals …
[fundamentals] AAPL: 68 filing dates (2009-07-22 → 2026-07-31)
[fundamentals] MSFT: 68 filing dates (2009-10-23 → 2026-07-29)
[fundamentals] GOOGL: 44 filing dates (2015-10-29 → 2026-07-23)
[fundamentals] META: 57 filing dates (2012-07-31 → 2026-07-30)
[fundamentals] NVDA: 68 filing dates (2009-08-20 → 2026-05-20)
[fundamentals] AMD: 55 filing dates (2013-02-21 → 2026-08-05)
[fundamentals] AVGO: 7 filing dates (2018-06-14 → 2024-12-20)
[fundamentals] QCOM: 65 filing dates (2009-12-22 → 2026-07-29)
[fundamentals] ORCL: 58 filing dates (2010-07-01 → 2026-06-22)
[fundamentals] CRM: 55 filing dates (2009-08-25 → 2026-05-28)
[fundamentals] ADBE: 69 filing dates (2009-06-26 → 2026-06-15)
[fundamentals] NFLX: 69 filing dates (2009-07-31 → 2026-07-17)
[fundamentals] AMZN: 69 filing dates (2009-07-24 → 2026-07-31)
[fundamentals] TSLA: 61 filing dates (2011-08-12 → 2026-07-23)
[fundamentals] INTC: 69 filing dates (2009-08-03 → 2026-07-24)
[rebalance] Signals as of 2026-08-25  (gross exposure 0.98)
  SELL     7 AAPL  @~$309.18    ($2,164)
  SELL    41 BIL   @~$91.62     ($3,756)
  BUY     10 AMZN  @~$259.92    ($2,599)
  BUY     42 INTC  @~$87.64     ($3,681)
  → submitted sell 7 AAPL
  → submitted sell 41 BIL
  → submitted buy 10 AMZN
  → submitted buy 42 INTC
[rebalance] Decision log → /Users/markgarcera/trading/backtester/outputs/live/decisions/2026-08-25.json
[rebalance] Market closed (next open 2026-08-26T09:30:00-04:00) — exiting.
[reconcile] Equity $95,826.27 (cash $6,833.78) → /Users/markgarcera/trading/backtester/outputs/live/equity_curve.csv
[reconcile] Checking 4 intended orders from 2026-08-25 …
  sell AAPL  intended     7 filled       7  OK  fill $309.22 (+1 bps vs signal price)
  sell BIL   intended    41 filled      41  OK  fill $91.61 (-1 bps vs signal price)
  buy  AMZN  intended    10 filled      10  OK  fill $260.01 (+3 bps vs signal price)
  buy  INTC  intended    42 filled      42  OK  fill $87.64 (-0 bps vs signal price)
[reconcile] All orders filled as intended.
